EXP,Extraction,PCR,PCR.REP,EXP2,Tool,Method,Type,Dilution.Tube,Dilution.Factor,Tool.Vol,Input.Vol,Vol.Adjustment,FIN.Vol,PER.SAMP,IDEAL.Copies,Copy.Adjustment,REAL.Copies,Sample.Name,Target,Ct,Column3,Column4
SpikeEluent,2021.05.10,2021.05.12,,SpikeEluent,Sanigen,CDC,Sample,I,-2,10000,120,0,120,0.012,22,0,22,CDC 120 I,N1 Probe,32.42782593,,
SpikeEluent,2021.05.10,2021.05.12,,SpikeEluent,Sanigen,CDC,Sample,I,-2,10000,120,0,120,0.012,22,0,22,CDC 120 I,N1 Probe,31.51000595,,
SpikeEluent,2021.05.10,2021.05.12,,SpikeEluent,Sanigen,CDC,Sample,II,-3,10000,120,0,120,0.012,2,0,2,CDC 120 II,N1 Probe,34.5826683,,
SpikeEluent,2021.05.10,2021.05.12,,SpikeEluent,Sanigen,CDC,Sample,II,-3,10000,120,0,120,0.012,2,0,2,CDC 120 II,N1 Probe,35.53193665,,
SpikeEluent,2021.05.10,2021.05.12,,SpikeEluent,Sanigen,CDC,Sample,III,-4,10000,120,0,120,0.012,0.224,0,0.224,CDC 120 III,N1 Probe,Undetermined,,
SpikeEluent,2021.05.10,2021.05.12,,SpikeEluent,Sanigen,CDC,Sample,III,-4,10000,120,0,120,0.012,0.224,0,0.224,CDC 120 III,N1 Probe,37.18429947,,
SpikeEluent,2021.05.10,2021.05.12,,SpikeEluent,Sanigen,CDC,Sample,I,-2,10000,120,0,120,0.012,22,0,22,CDC 120 I,N2 Probe,32.63943481,,
SpikeEluent,2021.05.10,2021.05.12,,SpikeEluent,Sanigen,CDC,Sample,I,-2,10000,120,0,120,0.012,22,0,22,CDC 120 I,N2 Probe,32.52295303,,
SpikeEluent,2021.05.10,2021.05.12,,SpikeEluent,Sanigen,CDC,Sample,II,-3,10000,120,0,120,0.012,2,0,2,CDC 120 II,N2 Probe,36.62466431,,
SpikeEluent,2021.05.10,2021.05.12,,SpikeEluent,Sanigen,CDC,Sample,II,-3,10000,120,0,120,0.012,2,0,2,CDC 120 II,N2 Probe,37.84005737,,
SpikeEluent,2021.05.10,2021.05.12,,SpikeEluent,Sanigen,CDC,Sample,III,-4,10000,120,0,120,0.012,0.224,0,0.224,CDC 120 III,N2 Probe,38.40864182,,
SpikeEluent,2021.05.10,2021.05.12,,SpikeEluent,Sanigen,CDC,Sample,III,-4,10000,120,0,120,0.012,0.224,0,0.224,CDC 120 III,N2 Probe,Undetermined,,
SpikeEluent,2021.05.10,2021.05.12,,SpikeEluent,Sanigen,CDC,Sample,I,-2,10000,300,0,300,0.03,56,0,56,CDC 300 I,N1 Probe,30.08295822,,
SpikeEluent,2021.05.10,2021.05.12,,SpikeEluent,Sanigen,CDC,Sample,I,-2,10000,300,0,300,0.03,56,0,56,CDC 300 I,N1 Probe,30.47243309,,
SpikeEluent,2021.05.10,2021.05.12,,SpikeEluent,Sanigen,CDC,Sample,II,-3,10000,300,0,300,0.03,6,0,6,CDC 300 II,N1 Probe,33.31937408,,
SpikeEluent,2021.05.10,2021.05.12,,SpikeEluent,Sanigen,CDC,Sample,II,-3,10000,300,0,300,0.03,6,0,6,CDC 300 II,N1 Probe,34.14144135,,
SpikeEluent,2021.05.10,2021.05.12,,SpikeEluent,Sanigen,CDC,Sample,III,-4,10000,300,0,300,0.03,1,0,1,CDC 300 III,N1 Probe,Undetermined,,
SpikeEluent,2021.05.10,2021.05.12,,SpikeEluent,Sanigen,CDC,Sample,III,-4,10000,300,0,300,0.03,1,0,1,CDC 300 III,N1 Probe,35.30355072,,
SpikeEluent,2021.05.10,2021.05.12,,SpikeEluent,Sanigen,CDC,Sample,I,-2,10000,300,0,300,0.03,56,0,56,CDC 300 I,N2 Probe,31.49065208,,
SpikeEluent,2021.05.10,2021.05.12,,SpikeEluent,Sanigen,CDC,Sample,I,-2,10000,300,0,300,0.03,56,0,56,CDC 300 I,N2 Probe,31.27673531,,
SpikeEluent,2021.05.10,2021.05.12,,SpikeEluent,Sanigen,CDC,Sample,II,-3,10000,300,0,300,0.03,6,0,6,CDC 300 II,N2 Probe,34.82473755,,
SpikeEluent,2021.05.10,2021.05.12,,SpikeEluent,Sanigen,CDC,Sample,II,-3,10000,300,0,300,0.03,6,0,6,CDC 300 II,N2 Probe,34.57576752,,
SpikeEluent,2021.05.10,2021.05.12,,SpikeEluent,Sanigen,CDC,Sample,III,-4,10000,300,0,300,0.03,1,0,1,CDC 300 III,N2 Probe,Undetermined,,
SpikeEluent,2021.05.10,2021.05.12,,SpikeEluent,Sanigen,CDC,Sample,III,-4,10000,300,0,300,0.03,1,0,1,CDC 300 III,N2 Probe,37.82928085,,
SpikeEluent,2021.05.10,2021.05.12,,SpikeEluent,Sanigen,CERES,Sample,I,-2,10000,300,0,300,0.03,56,0,56,CERES 300 I,N1 Probe,29.77293968,,
SpikeEluent,2021.05.10,2021.05.12,,SpikeEluent,Sanigen,CERES,Sample,I,-2,10000,300,0,300,0.03,56,0,56,CERES 300 I,N1 Probe,29.61969185,,
SpikeEluent,2021.05.10,2021.05.12,,SpikeEluent,Sanigen,CERES,Sample,II,-3,10000,300,0,300,0.03,6,0,6,CERES 300 II,N1 Probe,33.54739761,,
SpikeEluent,2021.05.10,2021.05.12,,SpikeEluent,Sanigen,CERES,Sample,II,-3,10000,300,0,300,0.03,6,0,6,CERES 300 II,N1 Probe,33.89411926,,
SpikeEluent,2021.05.10,2021.05.12,,SpikeEluent,Sanigen,CERES,Sample,III,-4,10000,300,0,300,0.03,1,0,1,CERES 300  III,N1 Probe,Undetermined,,
SpikeEluent,2021.05.10,2021.05.12,,SpikeEluent,Sanigen,CERES,Sample,III,-4,10000,300,0,300,0.03,1,0,1,CERES 300  III,N1 Probe,Undetermined,,
SpikeEluent,2021.05.10,2021.05.12,,SpikeEluent,Sanigen,CERES,Sample,I,-2,10000,300,0,300,0.03,56,0,56,CERES 300 I,N2 Probe,31.2905159,,
SpikeEluent,2021.05.10,2021.05.12,,SpikeEluent,Sanigen,CERES,Sample,I,-2,10000,300,0,300,0.03,56,0,56,CERES 300 I,N2 Probe,31.0161171,,
SpikeEluent,2021.05.10,2021.05.12,,SpikeEluent,Sanigen,CERES,Sample,II,-3,10000,300,0,300,0.03,6,0,6,CERES 300 II,N2 Probe,34.30596161,,
SpikeEluent,2021.05.10,2021.05.12,,SpikeEluent,Sanigen,CERES,Sample,II,-3,10000,300,0,300,0.03,6,0,6,CERES 300 II,N2 Probe,33.78636551,,
SpikeEluent,2021.05.10,2021.05.12,,SpikeEluent,Sanigen,CERES,Sample,III,-4,10000,300,0,300,0.03,1,0,1,CERES 300  III,N2 Probe,37.09306335,,
SpikeEluent,2021.05.10,2021.05.12,,SpikeEluent,Sanigen,CERES,Sample,III,-4,10000,300,0,300,0.03,1,0,1,CERES 300  III,N2 Probe,38.29737473,,
SpikeEluent,2021.05.10,2021.05.12,,SpikeEluent,Sanigen,CERES,Sample,I,-2,10000,1000,0,1000,0.1,187,0,187,CERES 1000 I,N1 Probe,Undetermined,,
SpikeEluent,2021.05.10,2021.05.12,,SpikeEluent,Sanigen,CERES,Sample,I,-2,10000,1000,0,1000,0.1,187,0,187,CERES 1000 I,N1 Probe,Undetermined,,
SpikeEluent,2021.05.10,2021.05.12,,SpikeEluent,Sanigen,CERES,Sample,II,-3,10000,1000,0,1000,0.1,19,0,19,CERES 1000 II,N1 Probe,Undetermined,,
SpikeEluent,2021.05.10,2021.05.12,,SpikeEluent,Sanigen,CERES,Sample,II,-3,10000,1000,0,1000,0.1,19,0,19,CERES 1000 II,N1 Probe,Undetermined,,
SpikeEluent,2021.05.10,2021.05.12,,SpikeEluent,Sanigen,CERES,Sample,III,-4,10000,1000,0,1000,0.1,2,0,2,CERES 1000 III,N1 Probe,Undetermined,,
SpikeEluent,2021.05.10,2021.05.12,,SpikeEluent,Sanigen,CERES,Sample,III,-4,10000,1000,0,1000,0.1,2,0,2,CERES 1000 III,N1 Probe,Undetermined,,
SpikeEluent,2021.05.10,2021.05.12,,SpikeEluent,Sanigen,CERES,Sample,I,-2,10000,1000,0,1000,0.1,187,0,187,CERES 1000 I,N2 Probe,Undetermined,,
SpikeEluent,2021.05.10,2021.05.12,,SpikeEluent,Sanigen,CERES,Sample,I,-2,10000,1000,0,1000,0.1,187,0,187,CERES 1000 I,N2 Probe,Undetermined,,
SpikeEluent,2021.05.10,2021.05.12,,SpikeEluent,Sanigen,CERES,Sample,II,-3,10000,1000,0,1000,0.1,19,0,19,CERES 1000 II,N2 Probe,Undetermined,,
SpikeEluent,2021.05.10,2021.05.12,,SpikeEluent,Sanigen,CERES,Sample,II,-3,10000,1000,0,1000,0.1,19,0,19,CERES 1000 II,N2 Probe,Undetermined,,
SpikeEluent,2021.05.10,2021.05.12,,SpikeEluent,Sanigen,CERES,Sample,III,-4,10000,1000,0,1000,0.1,2,0,2,CERES 1000 III,N2 Probe,Undetermined,,
SpikeEluent,2021.05.10,2021.05.12,,SpikeEluent,Sanigen,CERES,Sample,III,-4,10000,1000,0,1000,0.1,2,0,2,CERES 1000 III,N2 Probe,Undetermined,,
SpikeEluent,2021.05.10,2021.05.11,,SpikeEluent,Sanigen,CERES,Eluent,I,-2,10000,8000,-2220,5780,0.578,1867,414,1453,CERES Remains I,N1 Probe,26.31789589,26.45101357,0.188256815
SpikeEluent,2021.05.10,2021.05.11,,SpikeEluent,Sanigen,CERES,Eluent,I,-2,10000,8000,-2220,5780,0.578,1867,414,1453,CERES Remains I,N1 Probe,26.58413124,26.45101357,0.188256815
SpikeEluent,2021.05.10,2021.05.11,,SpikeEluent,Sanigen,CERES,Eluent,I,-2,10000,8000,-2220,5780,0.578,1867,414,1453,CERES Remains I,N2 Probe,29.4381218,29.4923687,0.076716706
SpikeEluent,2021.05.10,2021.05.11,,SpikeEluent,Sanigen,CERES,Eluent,I,-2,10000,8000,-2220,5780,0.578,1867,414,1453,CERES Remains I,N2 Probe,29.5466156,29.4923687,0.076716706
SpikeEluent,2021.05.10,2021.05.12,,SpikeEluent,Sanigen,CERES,Eluent,I,-2,10000,8200,-2220,5980,0.598,1867,414,1453,CERES BR I,N1 Probe,26.83522606,,
SpikeEluent,2021.05.10,2021.05.12,,SpikeEluent,Sanigen,CERES,Eluent,I,-2,10000,8200,-2220,5980,0.598,1867,414,1453,CERES BR I,N1 Probe,26.52506256,,
SpikeEluent,2021.05.10,2021.05.12,,SpikeEluent,Sanigen,CERES,Eluent,I,-2,10000,8200,-2220,5980,0.598,1867,414,1453,CERES BR I,N2 Probe,28.15425301,,
SpikeEluent,2021.05.10,2021.05.12,,SpikeEluent,Sanigen,CERES,Eluent,I,-2,10000,8200,-2220,5980,0.598,1867,414,1453,CERES BR I,N2 Probe,28.24917221,,
SpikeEluent,2021.05.12,2021.05.13,,SpikeEluent,Sanigen,CERES,Eluent,I,-2,10000,8200,-2220,5980,0.598,1867,414,1453,CERES BR I,N1 Probe,27.77604866,,
SpikeEluent,2021.05.12,2021.05.13,,SpikeEluent,Sanigen,CERES,Eluent,I,-2,10000,8200,-2220,5980,0.598,1867,414,1453,CERES BR I,N1 Probe,28.24354553,,
SpikeEluent,2021.05.12,2021.05.13,,SpikeEluent,Sanigen,CERES,Eluent,I,-2,10000,8200,-2220,5980,0.598,1867,414,1453,CERES BR I,N2 Probe,30.077631,,
SpikeEluent,2021.05.12,2021.05.13,,SpikeEluent,Sanigen,CERES,Eluent,I,-2,10000,8200,-2220,5980,0.598,1867,414,1453,CERES BR I,N2 Probe,29.97088623,,
SpikeEluent,2021.05.10,2021.05.12,,SpikeEluent,Sanigen,CDC,SD,,-5,10000,120,0,120,0.012,84,0,84,CDC -5,N1 Probe,30.96260452,,
SpikeEluent,2021.05.10,2021.05.12,,SpikeEluent,Sanigen,CDC,SD,,-4,10000,120,0,120,0.012,840,0,840,CDC -4,N1 Probe,28.94448853,,
SpikeEluent,2021.05.10,2021.05.12,,SpikeEluent,Sanigen,CDC,SD,,-3,10000,120,0,120,0.012,8400,0,8400,CDC -3,N1 Probe,25.67152214,,
SpikeEluent,2021.05.10,2021.05.12,,SpikeEluent,Sanigen,CDC,SD,,-2,10000,120,0,120,0.012,84000,0,84000,CDC -2,N1 Probe,23.05643845,,
SpikeEluent,2021.05.10,2021.05.12,,SpikeEluent,Sanigen,CDC,SD,,-5,10000,120,0,120,0.012,84,0,84,CDC -5,N2 Probe,32.24968338,,
SpikeEluent,2021.05.10,2021.05.12,,SpikeEluent,Sanigen,CDC,SD,,-4,10000,120,0,120,0.012,840,0,840,CDC -4,N2 Probe,29.41292953,,
SpikeEluent,2021.05.10,2021.05.12,,SpikeEluent,Sanigen,CDC,SD,,-3,10000,120,0,120,0.012,8400,0,8400,CDC -3,N2 Probe,26.13541412,,
SpikeEluent,2021.05.10,2021.05.12,,SpikeEluent,Sanigen,CDC,SD,,-2,10000,120,0,120,0.012,84000,0,84000,CDC -2,N2 Probe,21.84998322,,
SpikeEluent,2021.05.10,2021.05.12,,SpikeEluent,Sanigen,CERES,SD,,-5,10000,500,0,500,0.05,84,0,84,CERES -5,N1 Probe,29.81818008,,
SpikeEluent,2021.05.10,2021.05.12,,SpikeEluent,Sanigen,CERES,SD,,-4,10000,500,0,500,0.05,840,0,840,CERES -4,N1 Probe,26.51140785,,
SpikeEluent,2021.05.10,2021.05.12,,SpikeEluent,Sanigen,CERES,SD,,-3,10000,500,0,500,0.05,8400,0,8400,CERES -3,N1 Probe,23.6632843,,
SpikeEluent,2021.05.10,2021.05.12,,SpikeEluent,Sanigen,CERES,SD,,-2,10000,500,0,500,0.05,84000,0,84000,CERES -2,N1 Probe,20.12516022,,
SpikeEluent,2021.05.10,2021.05.12,,SpikeEluent,Sanigen,CERES,SD,,-5,10000,500,0,500,0.05,84,0,84,CERES -5,N2 Probe,30.85775757,,
SpikeEluent,2021.05.10,2021.05.12,,SpikeEluent,Sanigen,CERES,SD,,-4,10000,500,0,500,0.05,840,0,840,CERES -4,N2 Probe,27.21987152,,
SpikeEluent,2021.05.10,2021.05.12,,SpikeEluent,Sanigen,CERES,SD,,-3,10000,500,0,500,0.05,8400,0,8400,CERES -3,N2 Probe,24.83716393,,
SpikeEluent,2021.05.10,2021.05.12,,SpikeEluent,Sanigen,CERES,SD,,-2,10000,500,0,500,0.05,84000,0,84000,CERES -2,N2 Probe,21.45642853,,
SpikeEluent,2021.05.10,2021.05.11,,SpikeEluent,Sanigen,CDC,Sample,I,-2,10000,120,0,120,0.012,22,0,22,CDC 120 I,N1 Probe,31.77103233,31.52274323,0.351132482
SpikeEluent,2021.05.10,2021.05.11,,SpikeEluent,Sanigen,CDC,Sample,I,-2,10000,120,0,120,0.012,22,0,22,CDC 120 I,N1 Probe,31.27445602,31.52274323,0.351132482
SpikeEluent,2021.05.10,2021.05.11,,SpikeEluent,Sanigen,CDC,Sample,II,-3,10000,120,0,120,0.012,2,0,2,CDC 120 II,N1 Probe,36.72644043,35.40937805,1.862604737
SpikeEluent,2021.05.10,2021.05.11,,SpikeEluent,Sanigen,CDC,Sample,II,-3,10000,120,0,120,0.012,2,0,2,CDC 120 II,N1 Probe,34.09231949,35.40937805,1.862604737
SpikeEluent,2021.05.10,2021.05.11,,SpikeEluent,Sanigen,CDC,Sample,III,-4,10000,120,0,120,0.012,0.224,0,0.224,CDC 120 III,N1 Probe,Undetermined,35.39586258,
SpikeEluent,2021.05.10,2021.05.11,,SpikeEluent,Sanigen,CDC,Sample,III,-4,10000,120,0,120,0.012,0.224,0,0.224,CDC 120 III,N1 Probe,35.39586258,35.39586258,
SpikeEluent,2021.05.10,2021.05.11,,SpikeEluent,Sanigen,CDC,Sample,I,-2,10000,120,0,120,0.012,22,0,22,CDC 120 I,N2 Probe,33.42906189,33.59151459,0.229740113
SpikeEluent,2021.05.10,2021.05.11,,SpikeEluent,Sanigen,CDC,Sample,I,-2,10000,120,0,120,0.012,22,0,22,CDC 120 I,N2 Probe,33.75396347,33.59151459,0.229740113
SpikeEluent,2021.05.10,2021.05.11,,SpikeEluent,Sanigen,CDC,Sample,II,-3,10000,120,0,120,0.012,2,0,2,CDC 120 II,N2 Probe,37.99147415,37.03866196,1.347479939
SpikeEluent,2021.05.10,2021.05.11,,SpikeEluent,Sanigen,CDC,Sample,II,-3,10000,120,0,120,0.012,2,0,2,CDC 120 II,N2 Probe,36.08584976,37.03866196,1.347479939
SpikeEluent,2021.05.10,2021.05.11,,SpikeEluent,Sanigen,CDC,Sample,III,-4,10000,120,0,120,0.012,0.224,0,0.224,CDC 120 III,N2 Probe,Undetermined,39.80282211,
SpikeEluent,2021.05.10,2021.05.11,,SpikeEluent,Sanigen,CDC,Sample,III,-4,10000,120,0,120,0.012,0.224,0,0.224,CDC 120 III,N2 Probe,39.80282211,39.80282211,
SpikeEluent,2021.05.10,2021.05.11,,SpikeEluent,Sanigen,CDC,Sample,I,-2,10000,300,0,300,0.03,56,0,56,CDC 300 I,N1 Probe,30.19894791,30.20235443,0.004816205
SpikeEluent,2021.05.10,2021.05.11,,SpikeEluent,Sanigen,CDC,Sample,I,-2,10000,300,0,300,0.03,56,0,56,CDC 300 I,N1 Probe,30.20575905,30.20235443,0.004816205
SpikeEluent,2021.05.10,2021.05.11,,SpikeEluent,Sanigen,CDC,Sample,II,-3,10000,300,0,300,0.03,6,0,6,CDC 300 II,N1 Probe,34.77547836,34.04309082,1.035752416
SpikeEluent,2021.05.10,2021.05.11,,SpikeEluent,Sanigen,CDC,Sample,II,-3,10000,300,0,300,0.03,6,0,6,CDC 300 II,N1 Probe,33.31070328,34.04309082,1.035752416
SpikeEluent,2021.05.10,2021.05.11,,SpikeEluent,Sanigen,CDC,Sample,III,-4,10000,300,0,300,0.03,1,0,1,CDC 300 III,N1 Probe,Undetermined,35.84973907,
SpikeEluent,2021.05.10,2021.05.11,,SpikeEluent,Sanigen,CDC,Sample,III,-4,10000,300,0,300,0.03,1,0,1,CDC 300 III,N1 Probe,35.84973907,35.84973907,
SpikeEluent,2021.05.10,2021.05.11,,SpikeEluent,Sanigen,CDC,Sample,I,-2,10000,300,0,300,0.03,56,0,56,CDC 300 I,N2 Probe,32.24763489,32.35135651,0.146684512
SpikeEluent,2021.05.10,2021.05.11,,SpikeEluent,Sanigen,CDC,Sample,I,-2,10000,300,0,300,0.03,56,0,56,CDC 300 I,N2 Probe,32.45507813,32.35135651,0.146684512
SpikeEluent,2021.05.10,2021.05.11,,SpikeEluent,Sanigen,CDC,Sample,II,-3,10000,300,0,300,0.03,6,0,6,CDC 300 II,N2 Probe,34.96461105,34.86616135,0.13922891
SpikeEluent,2021.05.10,2021.05.11,,SpikeEluent,Sanigen,CDC,Sample,II,-3,10000,300,0,300,0.03,6,0,6,CDC 300 II,N2 Probe,34.76771164,34.86616135,0.13922891
SpikeEluent,2021.05.10,2021.05.11,,SpikeEluent,Sanigen,CDC,Sample,III,-4,10000,300,0,300,0.03,1,0,1,CDC 300 III,N2 Probe,Undetermined,,
SpikeEluent,2021.05.10,2021.05.11,,SpikeEluent,Sanigen,CDC,Sample,III,-4,10000,300,0,300,0.03,1,0,1,CDC 300 III,N2 Probe,Undetermined,,
SpikeEluent,2021.05.10,2021.05.11,,SpikeEluent,Sanigen,CERES,Sample,II,-3,10000,300,0,300,0.03,6,0,6,CERES 300 II,N1 Probe,Undetermined,32.51355743,0.047800597
SpikeEluent,2021.05.10,2021.05.11,,SpikeEluent,Sanigen,CERES,Sample,II,-3,10000,300,0,300,0.03,6,0,6,CERES 300 II,N1 Probe,Undetermined,32.51355743,0.047800597
SpikeEluent,2021.05.10,2021.05.11,,SpikeEluent,Sanigen,CERES,Sample,II,-3,10000,300,0,300,0.03,6,0,6,CERES 300 II,N1 Probe,32.4797554,32.51355743,0.047800597
SpikeEluent,2021.05.10,2021.05.11,,SpikeEluent,Sanigen,CERES,Sample,II,-3,10000,300,0,300,0.03,6,0,6,CERES 300 II,N1 Probe,32.54735565,32.51355743,0.047800597
SpikeEluent,2021.05.10,2021.05.11,,SpikeEluent,Sanigen,CERES,Sample,I,-2,10000,300,0,300,0.03,56,0,56,CERES 300  I,N1 Probe,29.40282249,29.36096001,0.0592025
SpikeEluent,2021.05.10,2021.05.11,,SpikeEluent,Sanigen,CERES,Sample,I,-2,10000,300,0,300,0.03,56,0,56,CERES 300  I,N1 Probe,29.31909752,29.36096001,0.0592025
SpikeEluent,2021.05.10,2021.05.11,,SpikeEluent,Sanigen,CERES,Sample,I,-2,10000,300,0,300,0.03,56,0,56,CERES 300 I,N2 Probe,32.49004745,32.50960541,0.027661819
SpikeEluent,2021.05.10,2021.05.11,,SpikeEluent,Sanigen,CERES,Sample,I,-2,10000,300,0,300,0.03,56,0,56,CERES 300 I,N2 Probe,32.52916718,32.50960541,0.027661819
SpikeEluent,2021.05.10,2021.05.11,,SpikeEluent,Sanigen,CERES,Sample,II,-3,10000,300,0,300,0.03,6,0,6,CERES 300 II,N2 Probe,35.52204132,35.95063782,0.606129646
SpikeEluent,2021.05.10,2021.05.11,,SpikeEluent,Sanigen,CERES,Sample,II,-3,10000,300,0,300,0.03,6,0,6,CERES 300 II,N2 Probe,36.37923813,35.95063782,0.606129646
SpikeEluent,2021.05.10,2021.05.11,,SpikeEluent,Sanigen,CERES,Sample,III,-4,10000,300,0,300,0.03,1,0,1,CERES 300  III,N2 Probe,39.58123016,39.58123016,
SpikeEluent,2021.05.10,2021.05.11,,SpikeEluent,Sanigen,CERES,Sample,III,-4,10000,300,0,300,0.03,1,0,1,CERES 300  III,N2 Probe,Undetermined,39.58123016,
SpikeEluent,2021.05.10,2021.05.11,,SpikeEluent,Sanigen,CERES,Sample,I,-2,10000,1000,0,1000,0.1,187,0,187,CERES 1000 I,N1 Probe,Undetermined,,
SpikeEluent,2021.05.10,2021.05.11,,SpikeEluent,Sanigen,CERES,Sample,I,-2,10000,1000,0,1000,0.1,187,0,187,CERES 1000 I,N1 Probe,Undetermined,,
SpikeEluent,2021.05.10,2021.05.11,,SpikeEluent,Sanigen,CERES,Sample,II,-3,10000,1000,0,1000,0.1,19,0,19,CERES 1000 II,N1 Probe,Undetermined,,
SpikeEluent,2021.05.10,2021.05.11,,SpikeEluent,Sanigen,CERES,Sample,II,-3,10000,1000,0,1000,0.1,19,0,19,CERES 1000 II,N1 Probe,Undetermined,,
SpikeEluent,2021.05.10,2021.05.11,,SpikeEluent,Sanigen,CERES,Sample,III,-4,10000,1000,0,1000,0.1,2,0,2,CERES 1000 III,N1 Probe,Undetermined,,
SpikeEluent,2021.05.10,2021.05.11,,SpikeEluent,Sanigen,CERES,Sample,III,-4,10000,1000,0,1000,0.1,2,0,2,CERES 1000 III,N1 Probe,Undetermined,,
SpikeEluent,2021.05.10,2021.05.11,,SpikeEluent,Sanigen,CERES,Sample,I,-2,10000,1000,0,1000,0.1,187,0,187,CERES 1000 I,N2 Probe,Undetermined,,
SpikeEluent,2021.05.10,2021.05.11,,SpikeEluent,Sanigen,CERES,Sample,I,-2,10000,1000,0,1000,0.1,187,0,187,CERES 1000 I,N2 Probe,Undetermined,,
SpikeEluent,2021.05.10,2021.05.11,,SpikeEluent,Sanigen,CERES,Sample,II,-3,10000,1000,0,1000,0.1,19,0,19,CERES 1000 II,N2 Probe,Undetermined,,
SpikeEluent,2021.05.10,2021.05.11,,SpikeEluent,Sanigen,CERES,Sample,II,-3,10000,1000,0,1000,0.1,19,0,19,CERES 1000 II,N2 Probe,Undetermined,,
SpikeEluent,2021.05.10,2021.05.11,,SpikeEluent,Sanigen,CERES,Sample,III,-4,10000,1000,0,1000,0.1,2,0,2,CERES 1000 III,N2 Probe,Undetermined,,
SpikeEluent,2021.05.10,2021.05.11,,SpikeEluent,Sanigen,CERES,Sample,III,-4,10000,1000,0,1000,0.1,2,0,2,CERES 1000 III,N2 Probe,Undetermined,,
SpikeEluent,2021.05.17,2021.05.18,,SpikeEluent,Sanigen,CERES,Eluent,I,-2,10000,8400,-2220,6180,0.618,1867,414,1453,CERES BR I,N1 Probe,27.03982925,,
SpikeEluent,2021.05.17,2021.05.18,,SpikeEluent,Sanigen,CERES,Eluent,I,-2,10000,8400,-2220,6180,0.618,1867,414,1453,CERES BR I,N1 Probe,27.00704956,,
SpikeEluent,2021.05.17,2021.05.18,,SpikeEluent,Sanigen,CERES,Eluent,I,-2,10000,8400,-2220,6180,0.618,1867,414,1453,CERES BR I,N2 Probe,30.3462162,,
SpikeEluent,2021.05.17,2021.05.18,,SpikeEluent,Sanigen,CERES,Eluent,I,-2,10000,8400,-2220,6180,0.618,1867,414,1453,CERES BR I,N2 Probe,30.31621361,,
SpikeEluent,2021.05.27,2021.05.28,,SpikeEluent,Sanigen,CERES,Eluent,I,-2,10000,7500,-2220,5280,0.528,1867,414,1453,CERES BR I,N1 Probe,33.36473083,,
SpikeEluent,2021.05.27,2021.05.28,,SpikeEluent,Sanigen,CERES,Eluent,I,-2,10000,7500,-2220,5280,0.528,1867,414,1453,CERES BR I,N1 Probe,33.24329376,,
SpikeEluent,2021.05.27,2021.05.28,,SpikeEluent,Sanigen,CERES,Eluent,I,-2,10000,7500,-2220,5280,0.528,1867,414,1453,CERES BR I,N2 Probe,34.97620773,,
SpikeEluent,2021.05.27,2021.05.28,,SpikeEluent,Sanigen,CERES,Eluent,I,-2,10000,7500,-2220,5280,0.528,1867,414,1453,CERES BR I,N2 Probe,33.79788971,,
SpikeEluent,2021.05.10,2021.05.11,,SpikeEluent,Sanigen,CERES,Eluent,II,-3,10000,8000,-2220,5780,0.578,187,41,146,CERES Remains II,N1 Probe,29.58858681,29.42011642,0.238253102
SpikeEluent,2021.05.10,2021.05.11,,SpikeEluent,Sanigen,CERES,Eluent,II,-3,10000,8000,-2220,5780,0.578,187,41,146,CERES Remains II,N1 Probe,29.25164604,29.42011642,0.238253102
SpikeEluent,2021.05.10,2021.05.11,,SpikeEluent,Sanigen,CERES,Eluent,II,-3,10000,8000,-2220,5780,0.578,187,41,146,CERES Remains II,N2 Probe,34.02513504,34.03911209,0.019766536
SpikeEluent,2021.05.10,2021.05.11,,SpikeEluent,Sanigen,CERES,Eluent,II,-3,10000,8000,-2220,5780,0.578,187,41,146,CERES Remains II,N2 Probe,34.05308914,34.03911209,0.019766536
SpikeEluent,2021.05.10,2021.05.11,,SpikeEluent,Sanigen,CDC,SD,,-5,10000,120,0,120,0.012,84,0,84,CDC -5,N1 Probe,30.74802017,30.74802017,
SpikeEluent,2021.05.10,2021.05.11,,SpikeEluent,Sanigen,CDC,SD,,-4,10000,120,0,120,0.012,840,0,840,CDC -4,N1 Probe,28.54985237,28.54985237,
SpikeEluent,2021.05.10,2021.05.11,,SpikeEluent,Sanigen,CDC,SD,,-3,10000,120,0,120,0.012,8400,0,8400,CDC -3,N1 Probe,25.47841835,25.47841835,
SpikeEluent,2021.05.10,2021.05.11,,SpikeEluent,Sanigen,CDC,SD,,-5,10000,120,0,120,0.012,84,0,84,CDC -5,N2 Probe,33.98116684,33.98116684,
SpikeEluent,2021.05.10,2021.05.11,,SpikeEluent,Sanigen,CDC,SD,,-4,10000,120,0,120,0.012,840,0,840,CDC -4,N2 Probe,30.7620945,30.7620945,
SpikeEluent,2021.05.10,2021.05.11,,SpikeEluent,Sanigen,CDC,SD,,-3,10000,120,0,120,0.012,8400,0,8400,CDC -3,N2 Probe,26.9597435,26.9597435,
SpikeEluent,2021.05.10,2021.05.11,,SpikeEluent,Sanigen,CDC,SD,,-2,10000,120,0,120,0.012,84000,0,84000,CDC -2,N2 Probe,22.66015244,22.66015244,
SpikeEluent,2021.05.10,2021.05.11,,SpikeEluent,Sanigen,CERES,SD,,-5,10000,500,0,500,0.05,84,0,84,CERES -5,N1 Probe,29.31109428,29.31109428,
SpikeEluent,2021.05.10,2021.05.11,,SpikeEluent,Sanigen,CERES,SD,,-4,10000,500,0,500,0.05,840,0,840,CERES -4,N1 Probe,26.1150074,26.1150074,
SpikeEluent,2021.05.10,2021.05.11,,SpikeEluent,Sanigen,CERES,SD,,-3,10000,500,0,500,0.05,8400,0,8400,CERES -3,N1 Probe,23.50989342,23.50989342,
SpikeEluent,2021.05.10,2021.05.11,,SpikeEluent,Sanigen,CERES,SD,,-2,10000,500,0,500,0.05,84000,0,84000,CERES -2,N1 Probe,20.18153763,20.18153763,
SpikeEluent,2021.05.10,2021.05.11,,SpikeEluent,Sanigen,CERES,SD,,-5,10000,500,0,500,0.05,84,0,84,CERES -5,N2 Probe,31.82379532,31.82379532,
SpikeEluent,2021.05.10,2021.05.11,,SpikeEluent,Sanigen,CERES,SD,,-4,10000,500,0,500,0.05,840,0,840,CERES -4,N2 Probe,28.15004539,28.15004539,
SpikeEluent,2021.05.10,2021.05.11,,SpikeEluent,Sanigen,CERES,SD,,-3,10000,500,0,500,0.05,8400,0,8400,CERES -3,N2 Probe,25.80303955,25.80303955,
SpikeEluent,2021.05.10,2021.05.11,,SpikeEluent,Sanigen,CERES,SD,,-2,10000,500,0,500,0.05,84000,0,84000,CERES -2,N2 Probe,22.45916367,22.45916367,
SpikeEluent,2021.05.12,2021.05.13,,SpikeEluent,Sanigen,CDC,Sample,I,-2,10000,120,0,120,0.012,22,0,22,CDC 120 I,N1 Probe,32.14282227,,
SpikeEluent,2021.05.12,2021.05.13,,SpikeEluent,Sanigen,CDC,Sample,I,-2,10000,120,0,120,0.012,22,0,22,CDC 120 I,N1 Probe,31.69303894,,
SpikeEluent,2021.05.12,2021.05.13,,SpikeEluent,Sanigen,CDC,Sample,II,-3,10000,120,0,120,0.012,2,0,2,CDC 120 II,N1 Probe,34.8459816,,
SpikeEluent,2021.05.12,2021.05.13,,SpikeEluent,Sanigen,CDC,Sample,II,-3,10000,120,0,120,0.012,2,0,2,CDC 120 II,N1 Probe,36.61738968,,
SpikeEluent,2021.05.12,2021.05.13,,SpikeEluent,Sanigen,CDC,Sample,III,-4,10000,120,0,120,0.012,0.224,0,0.224,CDC 120 III,N1 Probe,Undetermined,,
SpikeEluent,2021.05.12,2021.05.13,,SpikeEluent,Sanigen,CDC,Sample,III,-4,10000,120,0,120,0.012,0.224,0,0.224,CDC 120 III,N1 Probe,Undetermined,,
SpikeEluent,2021.05.12,2021.05.13,,SpikeEluent,Sanigen,CDC,Sample,I,-2,10000,120,0,120,0.012,22,0,22,CDC 120 I,N2 Probe,33.42525482,,
SpikeEluent,2021.05.12,2021.05.13,,SpikeEluent,Sanigen,CDC,Sample,I,-2,10000,120,0,120,0.012,22,0,22,CDC 120 I,N2 Probe,33.29723358,,
SpikeEluent,2021.05.12,2021.05.13,,SpikeEluent,Sanigen,CDC,Sample,II,-3,10000,120,0,120,0.012,2,0,2,CDC 120 II,N2 Probe,37.46784973,,
SpikeEluent,2021.05.12,2021.05.13,,SpikeEluent,Sanigen,CDC,Sample,II,-3,10000,120,0,120,0.012,2,0,2,CDC 120 II,N2 Probe,36.8014183,,
SpikeEluent,2021.05.12,2021.05.13,,SpikeEluent,Sanigen,CDC,Sample,III,-4,10000,120,0,120,0.012,0.224,0,0.224,CDC 120 III,N2 Probe,39.93277359,,
SpikeEluent,2021.05.12,2021.05.13,,SpikeEluent,Sanigen,CDC,Sample,III,-4,10000,120,0,120,0.012,0.224,0,0.224,CDC 120 III,N2 Probe,39.84347153,,
SpikeEluent,2021.05.12,2021.05.13,,SpikeEluent,Sanigen,CDC,Sample,I,-2,10000,300,0,300,0.03,56,0,56,CDC 300 I,N1 Probe,31.87168503,,
SpikeEluent,2021.05.12,2021.05.13,,SpikeEluent,Sanigen,CDC,Sample,I,-2,10000,300,0,300,0.03,56,0,56,CDC 300 I,N1 Probe,31.0804081,,
SpikeEluent,2021.05.12,2021.05.13,,SpikeEluent,Sanigen,CDC,Sample,II,-3,10000,300,0,300,0.03,6,0,6,CDC 300 II,N1 Probe,35.05489731,,
SpikeEluent,2021.05.12,2021.05.13,,SpikeEluent,Sanigen,CDC,Sample,II,-3,10000,300,0,300,0.03,6,0,6,CDC 300 II,N1 Probe,34.70967102,,
SpikeEluent,2021.05.12,2021.05.13,,SpikeEluent,Sanigen,CDC,Sample,III,-4,10000,300,0,300,0.03,1,0,1,CDC 300 III,N1 Probe,38.42871094,,
SpikeEluent,2021.05.12,2021.05.13,,SpikeEluent,Sanigen,CDC,Sample,III,-4,10000,300,0,300,0.03,1,0,1,CDC 300 III,N1 Probe,37.51260757,,
SpikeEluent,2021.05.12,2021.05.13,,SpikeEluent,Sanigen,CDC,Sample,I,-2,10000,300,0,300,0.03,56,0,56,CDC 300 I,N2 Probe,32.54375076,,
SpikeEluent,2021.05.12,2021.05.13,,SpikeEluent,Sanigen,CDC,Sample,I,-2,10000,300,0,300,0.03,56,0,56,CDC 300 I,N2 Probe,32.65774155,,
SpikeEluent,2021.05.12,2021.05.13,,SpikeEluent,Sanigen,CDC,Sample,II,-3,10000,300,0,300,0.03,6,0,6,CDC 300 II,N2 Probe,36.31821442,,
SpikeEluent,2021.05.12,2021.05.13,,SpikeEluent,Sanigen,CDC,Sample,II,-3,10000,300,0,300,0.03,6,0,6,CDC 300 II,N2 Probe,36.6777153,,
SpikeEluent,2021.05.12,2021.05.13,,SpikeEluent,Sanigen,CDC,Sample,III,-4,10000,300,0,300,0.03,1,0,1,CDC 300 III,N2 Probe,Undetermined,,
SpikeEluent,2021.05.12,2021.05.13,,SpikeEluent,Sanigen,CDC,Sample,III,-4,10000,300,0,300,0.03,1,0,1,CDC 300 III,N2 Probe,37.1505928,,
SpikeEluent,2021.05.12,2021.05.13,,SpikeEluent,Sanigen,CERES,Sample,I,-2,10000,300,0,300,0.03,56,0,56,CERES 300 I,N1 Probe,31.30559158,,
SpikeEluent,2021.05.12,2021.05.13,,SpikeEluent,Sanigen,CERES,Sample,I,-2,10000,300,0,300,0.03,56,0,56,CERES 300 I,N1 Probe,31.58745384,,
SpikeEluent,2021.05.12,2021.05.13,,SpikeEluent,Sanigen,CERES,Sample,II,-3,10000,300,0,300,0.03,6,0,6,CERES 300 II,N1 Probe,34.87482452,,
SpikeEluent,2021.05.12,2021.05.13,,SpikeEluent,Sanigen,CERES,Sample,II,-3,10000,300,0,300,0.03,6,0,6,CERES 300 II,N1 Probe,35.24132156,,
SpikeEluent,2021.05.12,2021.05.13,,SpikeEluent,Sanigen,CERES,Sample,III,-4,10000,300,0,300,0.03,1,0,1,CERES 300  III,N1 Probe,38.33147812,,
SpikeEluent,2021.05.12,2021.05.13,,SpikeEluent,Sanigen,CERES,Sample,III,-4,10000,300,0,300,0.03,1,0,1,CERES 300  III,N1 Probe,38.48987579,,
SpikeEluent,2021.05.12,2021.05.13,,SpikeEluent,Sanigen,CERES,Sample,I,-2,10000,300,0,300,0.03,56,0,56,CERES 300 I,N2 Probe,33.01033783,,
SpikeEluent,2021.05.12,2021.05.13,,SpikeEluent,Sanigen,CERES,Sample,I,-2,10000,300,0,300,0.03,56,0,56,CERES 300 I,N2 Probe,32.61405182,,
SpikeEluent,2021.05.12,2021.05.13,,SpikeEluent,Sanigen,CERES,Sample,II,-3,10000,300,0,300,0.03,6,0,6,CERES 300 II,N2 Probe,36.32413101,,
SpikeEluent,2021.05.12,2021.05.13,,SpikeEluent,Sanigen,CERES,Sample,II,-3,10000,300,0,300,0.03,6,0,6,CERES 300 II,N2 Probe,35.45281601,,
SpikeEluent,2021.05.12,2021.05.13,,SpikeEluent,Sanigen,CERES,Sample,III,-4,10000,300,0,300,0.03,1,0,1,CERES 300  III,N2 Probe,Undetermined,,
SpikeEluent,2021.05.12,2021.05.13,,SpikeEluent,Sanigen,CERES,Sample,III,-4,10000,300,0,300,0.03,1,0,1,CERES 300  III,N2 Probe,Undetermined,,
SpikeEluent,2021.05.12,2021.05.13,,SpikeEluent,Sanigen,CERES,Sample,I,-2,10000,1000,0,1000,0.1,187,0,187,CERES 1000 I,N1 Probe,29.04892731,,
SpikeEluent,2021.05.12,2021.05.13,,SpikeEluent,Sanigen,CERES,Sample,I,-2,10000,1000,0,1000,0.1,187,0,187,CERES 1000 I,N1 Probe,29.75317001,,
SpikeEluent,2021.05.12,2021.05.13,,SpikeEluent,Sanigen,CERES,Sample,II,-3,10000,1000,0,1000,0.1,19,0,19,CERES 1000 II,N1 Probe,32.56644058,,
SpikeEluent,2021.05.12,2021.05.13,,SpikeEluent,Sanigen,CERES,Sample,II,-3,10000,1000,0,1000,0.1,19,0,19,CERES 1000 II,N1 Probe,32.28895187,,
SpikeEluent,2021.05.12,2021.05.13,,SpikeEluent,Sanigen,CERES,Sample,III,-4,10000,1000,0,1000,0.1,2,0,2,CERES 1000 III,N1 Probe,36.72367096,,
SpikeEluent,2021.05.12,2021.05.13,,SpikeEluent,Sanigen,CERES,Sample,III,-4,10000,1000,0,1000,0.1,2,0,2,CERES 1000 III,N1 Probe,Undetermined,,
SpikeEluent,2021.05.12,2021.05.13,,SpikeEluent,Sanigen,CERES,Sample,I,-2,10000,1000,0,1000,0.1,187,0,187,CERES 1000 I,N2 Probe,31.30641556,,
SpikeEluent,2021.05.12,2021.05.13,,SpikeEluent,Sanigen,CERES,Sample,I,-2,10000,1000,0,1000,0.1,187,0,187,CERES 1000 I,N2 Probe,30.85749245,,
SpikeEluent,2021.05.12,2021.05.13,,SpikeEluent,Sanigen,CERES,Sample,II,-3,10000,1000,0,1000,0.1,19,0,19,CERES 1000 II,N2 Probe,33.74842072,,
SpikeEluent,2021.05.12,2021.05.13,,SpikeEluent,Sanigen,CERES,Sample,II,-3,10000,1000,0,1000,0.1,19,0,19,CERES 1000 II,N2 Probe,33.87260818,,
SpikeEluent,2021.05.12,2021.05.13,,SpikeEluent,Sanigen,CERES,Sample,III,-4,10000,1000,0,1000,0.1,2,0,2,CERES 1000 III,N2 Probe,37.55313492,,
SpikeEluent,2021.05.12,2021.05.13,,SpikeEluent,Sanigen,CERES,Sample,III,-4,10000,1000,0,1000,0.1,2,0,2,CERES 1000 III,N2 Probe,37.27983856,,
SpikeEluent,2021.05.10,2021.05.12,,SpikeEluent,Sanigen,CERES,Eluent,II,-3,10000,8300,-2220,6080,0.608,187,41,146,CERES BR II,N1 Probe,29.80545616,,
SpikeEluent,2021.05.10,2021.05.12,,SpikeEluent,Sanigen,CERES,Eluent,II,-3,10000,8300,-2220,6080,0.608,187,41,146,CERES BR II,N1 Probe,29.89053535,,
SpikeEluent,2021.05.10,2021.05.12,,SpikeEluent,Sanigen,CERES,Eluent,II,-3,10000,8300,-2220,6080,0.608,187,41,146,CERES BR II,N2 Probe,31.80268478,,
SpikeEluent,2021.05.10,2021.05.12,,SpikeEluent,Sanigen,CERES,Eluent,II,-3,10000,8300,-2220,6080,0.608,187,41,146,CERES BR II,N2 Probe,31.41939545,,
SpikeEluent,2021.05.12,2021.05.13,,SpikeEluent,Sanigen,CERES,Eluent,II,-3,10000,8300,-2220,6080,0.608,187,41,146,CERES BR II,N1 Probe,31.52396584,,
SpikeEluent,2021.05.12,2021.05.13,,SpikeEluent,Sanigen,CERES,Eluent,II,-3,10000,8300,-2220,6080,0.608,187,41,146,CERES BR II,N1 Probe,31.3794384,,
SpikeEluent,2021.05.12,2021.05.13,,SpikeEluent,Sanigen,CERES,Eluent,II,-3,10000,8300,-2220,6080,0.608,187,41,146,CERES BR II,N2 Probe,33.63861084,,
SpikeEluent,2021.05.12,2021.05.13,,SpikeEluent,Sanigen,CERES,Eluent,II,-3,10000,8300,-2220,6080,0.608,187,41,146,CERES BR II,N2 Probe,33.88763046,,
SpikeEluent,2021.05.17,2021.05.18,,SpikeEluent,Sanigen,CERES,Eluent,II,-3,10000,8300,-2220,6080,0.608,187,41,146,CERES BR II,N1 Probe,30.26508713,,
SpikeEluent,2021.05.17,2021.05.18,,SpikeEluent,Sanigen,CERES,Eluent,II,-3,10000,8300,-2220,6080,0.608,187,41,146,CERES BR II,N1 Probe,Undetermined,,
SpikeEluent,2021.05.17,2021.05.18,,SpikeEluent,Sanigen,CERES,Eluent,II,-3,10000,8300,-2220,6080,0.608,187,41,146,CERES BR II,N2 Probe,32.56261826,,
SpikeEluent,2021.05.17,2021.05.18,,SpikeEluent,Sanigen,CERES,Eluent,II,-3,10000,8300,-2220,6080,0.608,187,41,146,CERES BR II,N2 Probe,32.91190338,,
SpikeEluent,2021.05.12,2021.05.13,,SpikeEluent,Sanigen,CDC,SD,,-5,10000,120,0,120,0.012,84,0,84,CDC -5,N1 Probe,32.99782944,,
SpikeEluent,2021.05.12,2021.05.13,,SpikeEluent,Sanigen,CDC,SD,,-4,10000,120,0,120,0.012,840,0,840,CDC -4,N1 Probe,29.74081612,,
SpikeEluent,2021.05.12,2021.05.13,,SpikeEluent,Sanigen,CDC,SD,,-3,10000,120,0,120,0.012,8400,0,8400,CDC -3,N1 Probe,26.32948685,,
SpikeEluent,2021.05.12,2021.05.13,,SpikeEluent,Sanigen,CDC,SD,,-2,10000,120,0,120,0.012,84000,0,84000,CDC -2,N1 Probe,23.39624214,,
SpikeEluent,2021.05.12,2021.05.13,,SpikeEluent,Sanigen,CDC,SD,,-5,10000,120,0,120,0.012,84,0,84,CDC -5,N2 Probe,34.92764664,,
SpikeEluent,2021.05.12,2021.05.13,,SpikeEluent,Sanigen,CDC,SD,,-4,10000,120,0,120,0.012,840,0,840,CDC -4,N2 Probe,31.23793983,,
SpikeEluent,2021.05.12,2021.05.13,,SpikeEluent,Sanigen,CDC,SD,,-3,10000,120,0,120,0.012,8400,0,8400,CDC -3,N2 Probe,27.13711739,,
SpikeEluent,2021.05.12,2021.05.13,,SpikeEluent,Sanigen,CDC,SD,,-2,10000,120,0,120,0.012,84000,0,84000,CDC -2,N2 Probe,22.44614601,,
SpikeEluent,2021.05.12,2021.05.13,,SpikeEluent,Sanigen,CERES,SD,,-5,10000,500,0,500,0.05,84,0,84,CERES -5,N1 Probe,31.02324295,,
SpikeEluent,2021.05.12,2021.05.13,,SpikeEluent,Sanigen,CERES,SD,,-4,10000,500,0,500,0.05,840,0,840,CERES -4,N1 Probe,27.05923843,,
SpikeEluent,2021.05.12,2021.05.13,,SpikeEluent,Sanigen,CERES,SD,,-3,10000,500,0,500,0.05,8400,0,8400,CERES -3,N1 Probe,24.41358376,,
SpikeEluent,2021.05.12,2021.05.13,,SpikeEluent,Sanigen,CERES,SD,,-2,10000,500,0,500,0.05,84000,0,84000,CERES -2,N1 Probe,Undetermined,,
SpikeEluent,2021.05.12,2021.05.13,,SpikeEluent,Sanigen,CERES,SD,,-5,10000,500,0,500,0.05,84,0,84,CERES -5,N2 Probe,32.43193054,,
SpikeEluent,2021.05.12,2021.05.13,,SpikeEluent,Sanigen,CERES,SD,,-4,10000,500,0,500,0.05,840,0,840,CERES -4,N2 Probe,28.24741364,,
SpikeEluent,2021.05.12,2021.05.13,,SpikeEluent,Sanigen,CERES,SD,,-3,10000,500,0,500,0.05,8400,0,8400,CERES -3,N2 Probe,25.58717346,,
SpikeEluent,2021.05.12,2021.05.13,,SpikeEluent,Sanigen,CERES,SD,,-2,10000,500,0,500,0.05,84000,0,84000,CERES -2,N2 Probe,22.42395973,,
SpikeEluent,2021.05.17,2021.05.18,,SpikeEluent,Sanigen,CDC,Sample,I,-2,10000,120,0,120,0.012,22,0,22,CDC 120 I,N1 Probe,32.07210541,,
SpikeEluent,2021.05.17,2021.05.18,,SpikeEluent,Sanigen,CDC,Sample,I,-2,10000,120,0,120,0.012,22,0,22,CDC 120 I,N1 Probe,31.72496986,,
SpikeEluent,2021.05.17,2021.05.18,,SpikeEluent,Sanigen,CDC,Sample,II,-3,10000,120,0,120,0.012,2,0,2,CDC 120 II,N1 Probe,33.93254852,,
SpikeEluent,2021.05.17,2021.05.18,,SpikeEluent,Sanigen,CDC,Sample,II,-3,10000,120,0,120,0.012,2,0,2,CDC 120 II,N1 Probe,33.96613312,,
SpikeEluent,2021.05.17,2021.05.18,,SpikeEluent,Sanigen,CDC,Sample,III,-4,10000,120,0,120,0.012,0.224,0,0.224,CDC 120 III,N1 Probe,36.55300903,,
SpikeEluent,2021.05.17,2021.05.18,,SpikeEluent,Sanigen,CDC,Sample,III,-4,10000,120,0,120,0.012,0.224,0,0.224,CDC 120 III,N1 Probe,36.67294693,,
SpikeEluent,2021.05.17,2021.05.18,,SpikeEluent,Sanigen,CDC,Sample,I,-2,10000,120,0,120,0.012,22,0,22,CDC 120 I,N2 Probe,34.01306152,,
SpikeEluent,2021.05.17,2021.05.18,,SpikeEluent,Sanigen,CDC,Sample,I,-2,10000,120,0,120,0.012,22,0,22,CDC 120 I,N2 Probe,34.43225098,,
SpikeEluent,2021.05.17,2021.05.18,,SpikeEluent,Sanigen,CDC,Sample,II,-3,10000,120,0,120,0.012,2,0,2,CDC 120 II,N2 Probe,36.80561447,,
SpikeEluent,2021.05.17,2021.05.18,,SpikeEluent,Sanigen,CDC,Sample,II,-3,10000,120,0,120,0.012,2,0,2,CDC 120 II,N2 Probe,37.50571442,,
SpikeEluent,2021.05.17,2021.05.18,,SpikeEluent,Sanigen,CDC,Sample,III,-4,10000,120,0,120,0.012,0.224,0,0.224,CDC 120 III,N2 Probe,Undetermined,,
SpikeEluent,2021.05.17,2021.05.18,,SpikeEluent,Sanigen,CDC,Sample,III,-4,10000,120,0,120,0.012,0.224,0,0.224,CDC 120 III,N2 Probe,Undetermined,,
SpikeEluent,2021.05.17,2021.05.18,,SpikeEluent,Sanigen,CDC,Sample,I,-2,10000,300,0,300,0.03,56,0,56,CDC 300 I,N1 Probe,31.42407036,,
SpikeEluent,2021.05.17,2021.05.18,,SpikeEluent,Sanigen,CDC,Sample,I,-2,10000,300,0,300,0.03,56,0,56,CDC 300 I,N1 Probe,31.60836601,,
SpikeEluent,2021.05.17,2021.05.18,,SpikeEluent,Sanigen,CDC,Sample,II,-3,10000,300,0,300,0.03,6,0,6,CDC 300 II,N1 Probe,33.16976547,,
SpikeEluent,2021.05.17,2021.05.18,,SpikeEluent,Sanigen,CDC,Sample,II,-3,10000,300,0,300,0.03,6,0,6,CDC 300 II,N1 Probe,34.37409592,,
SpikeEluent,2021.05.17,2021.05.18,,SpikeEluent,Sanigen,CDC,Sample,III,-4,10000,300,0,300,0.03,1,0,1,CDC 300 III,N1 Probe,37.38142014,,
SpikeEluent,2021.05.17,2021.05.18,,SpikeEluent,Sanigen,CDC,Sample,III,-4,10000,300,0,300,0.03,1,0,1,CDC 300 III,N1 Probe,37.0246048,,
SpikeEluent,2021.05.17,2021.05.18,,SpikeEluent,Sanigen,CDC,Sample,I,-2,10000,300,0,300,0.03,56,0,56,CDC 300 I,N2 Probe,33.9969368,,
SpikeEluent,2021.05.17,2021.05.18,,SpikeEluent,Sanigen,CDC,Sample,I,-2,10000,300,0,300,0.03,56,0,56,CDC 300 I,N2 Probe,33.82187653,,
SpikeEluent,2021.05.17,2021.05.18,,SpikeEluent,Sanigen,CDC,Sample,II,-3,10000,300,0,300,0.03,6,0,6,CDC 300 II,N2 Probe,36.19091797,,
SpikeEluent,2021.05.17,2021.05.18,,SpikeEluent,Sanigen,CDC,Sample,II,-3,10000,300,0,300,0.03,6,0,6,CDC 300 II,N2 Probe,36.41191483,,
SpikeEluent,2021.05.17,2021.05.18,,SpikeEluent,Sanigen,CDC,Sample,III,-4,10000,300,0,300,0.03,1,0,1,CDC 300 III,N2 Probe,39.16262436,,
SpikeEluent,2021.05.17,2021.05.18,,SpikeEluent,Sanigen,CDC,Sample,III,-4,10000,300,0,300,0.03,1,0,1,CDC 300 III,N2 Probe,Undetermined,,
SpikeEluent,2021.05.17,2021.05.18,,SpikeEluent,Sanigen,CERES,Sample,I,-2,10000,300,0,300,0.03,56,0,56,CERES 300 I,N1 Probe,31.06983948,,
SpikeEluent,2021.05.17,2021.05.18,,SpikeEluent,Sanigen,CERES,Sample,I,-2,10000,300,0,300,0.03,56,0,56,CERES 300 I,N1 Probe,31.1272316,,
SpikeEluent,2021.05.17,2021.05.18,,SpikeEluent,Sanigen,CERES,Sample,II,-3,10000,300,0,300,0.03,6,0,6,CERES 300 II,N1 Probe,33.17088699,,
SpikeEluent,2021.05.17,2021.05.18,,SpikeEluent,Sanigen,CERES,Sample,II,-3,10000,300,0,300,0.03,6,0,6,CERES 300 II,N1 Probe,34.00197601,,
SpikeEluent,2021.05.17,2021.05.18,,SpikeEluent,Sanigen,CERES,Sample,III,-4,10000,300,0,300,0.03,1,0,1,CERES 300  III,N1 Probe,36.09968185,,
SpikeEluent,2021.05.17,2021.05.18,,SpikeEluent,Sanigen,CERES,Sample,III,-4,10000,300,0,300,0.03,1,0,1,CERES 300  III,N1 Probe,37.13433075,,
SpikeEluent,2021.05.17,2021.05.18,,SpikeEluent,Sanigen,CERES,Sample,I,-2,10000,300,0,300,0.03,56,0,56,CERES 300 I,N2 Probe,33.89473343,,
SpikeEluent,2021.05.17,2021.05.18,,SpikeEluent,Sanigen,CERES,Sample,I,-2,10000,300,0,300,0.03,56,0,56,CERES 300 I,N2 Probe,33.72701263,,
SpikeEluent,2021.05.17,2021.05.18,,SpikeEluent,Sanigen,CERES,Sample,II,-3,10000,300,0,300,0.03,6,0,6,CERES 300 II,N2 Probe,36.70477676,,
SpikeEluent,2021.05.17,2021.05.18,,SpikeEluent,Sanigen,CERES,Sample,II,-3,10000,300,0,300,0.03,6,0,6,CERES 300 II,N2 Probe,36.65752029,,
SpikeEluent,2021.05.17,2021.05.18,,SpikeEluent,Sanigen,CERES,Sample,III,-4,10000,300,0,300,0.03,1,0,1,CERES 300  III,N2 Probe,41.44214249,,
SpikeEluent,2021.05.17,2021.05.18,,SpikeEluent,Sanigen,CERES,Sample,III,-4,10000,300,0,300,0.03,1,0,1,CERES 300  III,N2 Probe,39.03287125,,
SpikeEluent,2021.05.17,2021.05.18,,SpikeEluent,Sanigen,CERES,Sample,I,-2,10000,1000,0,1000,0.1,187,0,187,CERES 1000 I,N1 Probe,28.67524338,,
SpikeEluent,2021.05.17,2021.05.18,,SpikeEluent,Sanigen,CERES,Sample,I,-2,10000,1000,0,1000,0.1,187,0,187,CERES 1000 I,N1 Probe,28.83558655,,
SpikeEluent,2021.05.17,2021.05.18,,SpikeEluent,Sanigen,CERES,Sample,II,-3,10000,1000,0,1000,0.1,19,0,19,CERES 1000 II,N1 Probe,31.97058105,,
SpikeEluent,2021.05.17,2021.05.18,,SpikeEluent,Sanigen,CERES,Sample,II,-3,10000,1000,0,1000,0.1,19,0,19,CERES 1000 II,N1 Probe,31.94497681,,
SpikeEluent,2021.05.17,2021.05.18,,SpikeEluent,Sanigen,CERES,Sample,III,-4,10000,1000,0,1000,0.1,2,0,2,CERES 1000 III,N1 Probe,36.89824677,,
SpikeEluent,2021.05.17,2021.05.18,,SpikeEluent,Sanigen,CERES,Sample,III,-4,10000,1000,0,1000,0.1,2,0,2,CERES 1000 III,N1 Probe,36.06774902,,
SpikeEluent,2021.05.17,2021.05.18,,SpikeEluent,Sanigen,CERES,Sample,I,-2,10000,1000,0,1000,0.1,187,0,187,CERES 1000 I,N2 Probe,31.60865402,,
SpikeEluent,2021.05.17,2021.05.18,,SpikeEluent,Sanigen,CERES,Sample,I,-2,10000,1000,0,1000,0.1,187,0,187,CERES 1000 I,N2 Probe,31.65284157,,
SpikeEluent,2021.05.17,2021.05.18,,SpikeEluent,Sanigen,CERES,Sample,II,-3,10000,1000,0,1000,0.1,19,0,19,CERES 1000 II,N2 Probe,34.45907593,,
SpikeEluent,2021.05.17,2021.05.18,,SpikeEluent,Sanigen,CERES,Sample,II,-3,10000,1000,0,1000,0.1,19,0,19,CERES 1000 II,N2 Probe,34.50681686,,
SpikeEluent,2021.05.17,2021.05.18,,SpikeEluent,Sanigen,CERES,Sample,III,-4,10000,1000,0,1000,0.1,2,0,2,CERES 1000 III,N2 Probe,39.87150574,,
SpikeEluent,2021.05.17,2021.05.18,,SpikeEluent,Sanigen,CERES,Sample,III,-4,10000,1000,0,1000,0.1,2,0,2,CERES 1000 III,N2 Probe,38.12870789,,
SpikeEluent,2021.05.27,2021.05.28,,SpikeEluent,Sanigen,CERES,Eluent,II,-3,10000,8100,-2220,5880,0.588,187,41,146,CERES BR II,N1 Probe,30.27830696,,
SpikeEluent,2021.05.27,2021.05.28,,SpikeEluent,Sanigen,CERES,Eluent,II,-3,10000,8100,-2220,5880,0.588,187,41,146,CERES BR II,N1 Probe,30.28449631,,
SpikeEluent,2021.05.27,2021.05.28,,SpikeEluent,Sanigen,CERES,Eluent,II,-3,10000,8100,-2220,5880,0.588,187,41,146,CERES BR II,N2 Probe,30.61590576,,
SpikeEluent,2021.05.27,2021.05.28,,SpikeEluent,Sanigen,CERES,Eluent,II,-3,10000,8100,-2220,5880,0.588,187,41,146,CERES BR II,N2 Probe,30.89227867,,
SpikeEluent,2021.05.10,2021.05.11,,SpikeEluent,Sanigen,CERES,Eluent,III,-4,10000,8000,-2220,5780,0.578,19,4,15,CERES Remains III,N1 Probe,33.94761276,33.67886353,0.380068809
SpikeEluent,2021.05.10,2021.05.11,,SpikeEluent,Sanigen,CERES,Eluent,III,-4,10000,8000,-2220,5780,0.578,19,4,15,CERES Remains III,N1 Probe,33.41011429,33.67886353,0.380068809
SpikeEluent,2021.05.10,2021.05.11,,SpikeEluent,Sanigen,CERES,Eluent,III,-4,10000,8000,-2220,5780,0.578,19,4,15,CERES Remains III,N2 Probe,37.08042145,37.34552383,0.374911398
SpikeEluent,2021.05.10,2021.05.11,,SpikeEluent,Sanigen,CERES,Eluent,III,-4,10000,8000,-2220,5780,0.578,19,4,15,CERES Remains III,N2 Probe,37.61062622,37.34552383,0.374911398
SpikeEluent,2021.05.10,2021.05.12,,SpikeEluent,Sanigen,CERES,Eluent,III,-4,10000,8400,-2220,6180,0.618,19,4,15,CERES BR III,N1 Probe,35.15049362,,
SpikeEluent,2021.05.10,2021.05.12,,SpikeEluent,Sanigen,CERES,Eluent,III,-4,10000,8400,-2220,6180,0.618,19,4,15,CERES BR III,N1 Probe,34.70778275,,
SpikeEluent,2021.05.10,2021.05.12,,SpikeEluent,Sanigen,CERES,Eluent,III,-4,10000,8400,-2220,6180,0.618,19,4,15,CERES BR III,N2 Probe,35.07687378,,
SpikeEluent,2021.05.10,2021.05.12,,SpikeEluent,Sanigen,CERES,Eluent,III,-4,10000,8400,-2220,6180,0.618,19,4,15,CERES BR III,N2 Probe,34.89397049,,
SpikeEluent,2021.05.17,2021.05.18,,SpikeEluent,Sanigen,CDC,SD,,-5,10000,120,0,120,0.012,84,0,84,CDC -5,N1 Probe,32.34685898,,
SpikeEluent,2021.05.17,2021.05.18,,SpikeEluent,Sanigen,CDC,SD,,-4,10000,120,0,120,0.012,840,0,840,CDC -4,N1 Probe,29.18635941,,
SpikeEluent,2021.05.17,2021.05.18,,SpikeEluent,Sanigen,CDC,SD,,-3,10000,120,0,120,0.012,8400,0,8400,CDC -3,N1 Probe,25.97799873,,
SpikeEluent,2021.05.17,2021.05.18,,SpikeEluent,Sanigen,CDC,SD,,-2,10000,120,0,120,0.012,84000,0,84000,CDC -2,N1 Probe,23.84811592,,
SpikeEluent,2021.05.17,2021.05.18,,SpikeEluent,Sanigen,CDC,SD,,-5,10000,120,0,120,0.012,84,0,84,CDC -5,N2 Probe,34.4480896,,
SpikeEluent,2021.05.17,2021.05.18,,SpikeEluent,Sanigen,CDC,SD,,-4,10000,120,0,120,0.012,840,0,840,CDC -4,N2 Probe,30.86818695,,
SpikeEluent,2021.05.17,2021.05.18,,SpikeEluent,Sanigen,CDC,SD,,-3,10000,120,0,120,0.012,8400,0,8400,CDC -3,N2 Probe,27.2138958,,
SpikeEluent,2021.05.17,2021.05.18,,SpikeEluent,Sanigen,CDC,SD,,-2,10000,120,0,120,0.012,84000,0,84000,CDC -2,N2 Probe,23.49303818,,
SpikeEluent,2021.05.17,2021.05.18,,SpikeEluent,Sanigen,CERES,SD,,-5,10000,500,0,500,0.05,84,0,84,CERES -5,N1 Probe,29.66726112,,
SpikeEluent,2021.05.17,2021.05.18,,SpikeEluent,Sanigen,CERES,SD,,-4,10000,500,0,500,0.05,840,0,840,CERES -4,N1 Probe,26.83685303,,
SpikeEluent,2021.05.17,2021.05.18,,SpikeEluent,Sanigen,CERES,SD,,-3,10000,500,0,500,0.05,8400,0,8400,CERES -3,N1 Probe,23.51794815,,
SpikeEluent,2021.05.17,2021.05.18,,SpikeEluent,Sanigen,CERES,SD,,-2,10000,500,0,500,0.05,84000,0,84000,CERES -2,N1 Probe,20.72045517,,
SpikeEluent,2021.05.17,2021.05.18,,SpikeEluent,Sanigen,CERES,SD,,-5,10000,500,0,500,0.05,84,0,84,CERES -5,N2 Probe,31.66918564,,
SpikeEluent,2021.05.17,2021.05.18,,SpikeEluent,Sanigen,CERES,SD,,-4,10000,500,0,500,0.05,840,0,840,CERES -4,N2 Probe,28.0884304,,
SpikeEluent,2021.05.17,2021.05.18,,SpikeEluent,Sanigen,CERES,SD,,-3,10000,500,0,500,0.05,8400,0,8400,CERES -3,N2 Probe,25.30267525,,
SpikeEluent,2021.05.17,2021.05.18,,SpikeEluent,Sanigen,CERES,SD,,-2,10000,500,0,500,0.05,84000,0,84000,CERES -2,N2 Probe,22.42443275,,
SpikeEluent,2021.05.27,2021.05.28,,SpikeEluent,Sanigen,CDC,Sample,I,-2,10000,120,0,120,0.012,22,0,22,CDC 120 I,N1 Probe,31.27490616,,
SpikeEluent,2021.05.27,2021.05.28,,SpikeEluent,Sanigen,CDC,Sample,I,-2,10000,120,0,120,0.012,22,0,22,CDC 120 I,N1 Probe,31.20680046,,
SpikeEluent,2021.05.27,2021.05.28,,SpikeEluent,Sanigen,CDC,Sample,II,-3,10000,120,0,120,0.012,2,0,2,CDC 120 II,N1 Probe,33.90679932,,
SpikeEluent,2021.05.27,2021.05.28,,SpikeEluent,Sanigen,CDC,Sample,II,-3,10000,120,0,120,0.012,2,0,2,CDC 120 II,N1 Probe,Undetermined,,
SpikeEluent,2021.05.27,2021.05.28,,SpikeEluent,Sanigen,CDC,Sample,III,-4,10000,120,0,120,0.012,0.224,0,0.224,CDC 120 III,N1 Probe,Undetermined,,
SpikeEluent,2021.05.27,2021.05.28,,SpikeEluent,Sanigen,CDC,Sample,III,-4,10000,120,0,120,0.012,0.224,0,0.224,CDC 120 III,N1 Probe,Undetermined,,
SpikeEluent,2021.05.27,2021.05.28,,SpikeEluent,Sanigen,CDC,Sample,I,-2,10000,120,0,120,0.012,22,0,22,CDC 120 I,N2 Probe,32.79441833,,
SpikeEluent,2021.05.27,2021.05.28,,SpikeEluent,Sanigen,CDC,Sample,I,-2,10000,120,0,120,0.012,22,0,22,CDC 120 I,N2 Probe,32.0834465,,
SpikeEluent,2021.05.27,2021.05.28,,SpikeEluent,Sanigen,CDC,Sample,II,-3,10000,120,0,120,0.012,2,0,2,CDC 120 II,N2 Probe,34.67011261,,
SpikeEluent,2021.05.27,2021.05.28,,SpikeEluent,Sanigen,CDC,Sample,II,-3,10000,120,0,120,0.012,2,0,2,CDC 120 II,N2 Probe,38.35084152,,
SpikeEluent,2021.05.27,2021.05.28,,SpikeEluent,Sanigen,CDC,Sample,III,-4,10000,120,0,120,0.012,0.224,0,0.224,CDC 120 III,N2 Probe,Undetermined,,
SpikeEluent,2021.05.27,2021.05.28,,SpikeEluent,Sanigen,CDC,Sample,III,-4,10000,120,0,120,0.012,0.224,0,0.224,CDC 120 III,N2 Probe,36.83930206,,
SpikeEluent,2021.05.27,2021.05.28,,SpikeEluent,Sanigen,CDC,Sample,I,-2,10000,300,0,300,0.03,56,0,56,CDC 300 I,N1 Probe,30.284935,,
SpikeEluent,2021.05.27,2021.05.28,,SpikeEluent,Sanigen,CDC,Sample,I,-2,10000,300,0,300,0.03,56,0,56,CDC 300 I,N1 Probe,30.41918182,,
SpikeEluent,2021.05.27,2021.05.28,,SpikeEluent,Sanigen,CDC,Sample,II,-3,10000,300,0,300,0.03,6,0,6,CDC 300 II,N1 Probe,33.18966293,,
SpikeEluent,2021.05.27,2021.05.28,,SpikeEluent,Sanigen,CDC,Sample,II,-3,10000,300,0,300,0.03,6,0,6,CDC 300 II,N1 Probe,33.91235733,,
SpikeEluent,2021.05.27,2021.05.28,,SpikeEluent,Sanigen,CDC,Sample,III,-4,10000,300,0,300,0.03,1,0,1,CDC 300 III,N1 Probe,36.24487686,,
SpikeEluent,2021.05.27,2021.05.28,,SpikeEluent,Sanigen,CDC,Sample,III,-4,10000,300,0,300,0.03,1,0,1,CDC 300 III,N1 Probe,Undetermined,,
SpikeEluent,2021.05.27,2021.05.28,,SpikeEluent,Sanigen,CDC,Sample,I,-2,10000,300,0,300,0.03,56,0,56,CDC 300 I,N2 Probe,31.56863022,,
SpikeEluent,2021.05.27,2021.05.28,,SpikeEluent,Sanigen,CDC,Sample,I,-2,10000,300,0,300,0.03,56,0,56,CDC 300 I,N2 Probe,31.00752068,,
SpikeEluent,2021.05.27,2021.05.28,,SpikeEluent,Sanigen,CDC,Sample,II,-3,10000,300,0,300,0.03,6,0,6,CDC 300 II,N2 Probe,34.78104401,,
SpikeEluent,2021.05.27,2021.05.28,,SpikeEluent,Sanigen,CDC,Sample,II,-3,10000,300,0,300,0.03,6,0,6,CDC 300 II,N2 Probe,33.98243713,,
SpikeEluent,2021.05.27,2021.05.28,,SpikeEluent,Sanigen,CDC,Sample,III,-4,10000,300,0,300,0.03,1,0,1,CDC 300 III,N2 Probe,35.42851257,,
SpikeEluent,2021.05.27,2021.05.28,,SpikeEluent,Sanigen,CDC,Sample,III,-4,10000,300,0,300,0.03,1,0,1,CDC 300 III,N2 Probe,37.25188065,,
SpikeEluent,2021.05.27,2021.05.28,,SpikeEluent,Sanigen,CERES,Sample,I,-2,10000,300,0,300,0.03,56,0,56,CERES 300 I,N1 Probe,30.50609398,,
SpikeEluent,2021.05.27,2021.05.28,,SpikeEluent,Sanigen,CERES,Sample,I,-2,10000,300,0,300,0.03,56,0,56,CERES 300 I,N1 Probe,30.59042358,,
SpikeEluent,2021.05.27,2021.05.28,,SpikeEluent,Sanigen,CERES,Sample,II,-3,10000,300,0,300,0.03,6,0,6,CERES 300 II,N1 Probe,33.22591782,,
SpikeEluent,2021.05.27,2021.05.28,,SpikeEluent,Sanigen,CERES,Sample,II,-3,10000,300,0,300,0.03,6,0,6,CERES 300 II,N1 Probe,33.83999252,,
SpikeEluent,2021.05.27,2021.05.28,,SpikeEluent,Sanigen,CERES,Sample,III,-4,10000,300,0,300,0.03,1,0,1,CERES 300  III,N1 Probe,37.48021698,,
SpikeEluent,2021.05.27,2021.05.28,,SpikeEluent,Sanigen,CERES,Sample,III,-4,10000,300,0,300,0.03,1,0,1,CERES 300  III,N1 Probe,37.11994171,,
SpikeEluent,2021.05.27,2021.05.28,,SpikeEluent,Sanigen,CERES,Sample,I,-2,10000,300,0,300,0.03,56,0,56,CERES 300 I,N2 Probe,31.63211441,,
SpikeEluent,2021.05.27,2021.05.28,,SpikeEluent,Sanigen,CERES,Sample,I,-2,10000,300,0,300,0.03,56,0,56,CERES 300 I,N2 Probe,31.44882965,,
SpikeEluent,2021.05.27,2021.05.28,,SpikeEluent,Sanigen,CERES,Sample,II,-3,10000,300,0,300,0.03,6,0,6,CERES 300 II,N2 Probe,34.52715683,,
SpikeEluent,2021.05.27,2021.05.28,,SpikeEluent,Sanigen,CERES,Sample,II,-3,10000,300,0,300,0.03,6,0,6,CERES 300 II,N2 Probe,33.85296631,,
SpikeEluent,2021.05.27,2021.05.28,,SpikeEluent,Sanigen,CERES,Sample,III,-4,10000,300,0,300,0.03,1,0,1,CERES 300  III,N2 Probe,37.66266251,,
SpikeEluent,2021.05.27,2021.05.28,,SpikeEluent,Sanigen,CERES,Sample,III,-4,10000,300,0,300,0.03,1,0,1,CERES 300  III,N2 Probe,37.97956848,,
SpikeEluent,2021.05.27,2021.05.28,,SpikeEluent,Sanigen,CERES,Sample,I,-2,10000,1000,0,1000,0.1,187,0,187,CERES 1000 I,N1 Probe,28.21019936,,
SpikeEluent,2021.05.27,2021.05.28,,SpikeEluent,Sanigen,CERES,Sample,I,-2,10000,1000,0,1000,0.1,187,0,187,CERES 1000 I,N1 Probe,28.19730186,,
SpikeEluent,2021.05.27,2021.05.28,,SpikeEluent,Sanigen,CERES,Sample,II,-3,10000,1000,0,1000,0.1,19,0,19,CERES 1000 II,N1 Probe,31.28701401,,
SpikeEluent,2021.05.27,2021.05.28,,SpikeEluent,Sanigen,CERES,Sample,II,-3,10000,1000,0,1000,0.1,19,0,19,CERES 1000 II,N1 Probe,32.15681458,,
SpikeEluent,2021.05.27,2021.05.28,,SpikeEluent,Sanigen,CERES,Sample,III,-4,10000,1000,0,1000,0.1,2,0,2,CERES 1000 III,N1 Probe,36.69985199,,
SpikeEluent,2021.05.27,2021.05.28,,SpikeEluent,Sanigen,CERES,Sample,III,-4,10000,1000,0,1000,0.1,2,0,2,CERES 1000 III,N1 Probe,35.59789276,,
SpikeEluent,2021.05.27,2021.05.28,,SpikeEluent,Sanigen,CERES,Sample,I,-2,10000,1000,0,1000,0.1,187,0,187,CERES 1000 I,N2 Probe,29.64125061,,
SpikeEluent,2021.05.27,2021.05.28,,SpikeEluent,Sanigen,CERES,Sample,I,-2,10000,1000,0,1000,0.1,187,0,187,CERES 1000 I,N2 Probe,29.65583611,,
SpikeEluent,2021.05.27,2021.05.28,,SpikeEluent,Sanigen,CERES,Sample,II,-3,10000,1000,0,1000,0.1,19,0,19,CERES 1000 II,N2 Probe,32.287323,,
SpikeEluent,2021.05.27,2021.05.28,,SpikeEluent,Sanigen,CERES,Sample,II,-3,10000,1000,0,1000,0.1,19,0,19,CERES 1000 II,N2 Probe,32.42378235,,
SpikeEluent,2021.05.27,2021.05.28,,SpikeEluent,Sanigen,CERES,Sample,III,-4,10000,1000,0,1000,0.1,2,0,2,CERES 1000 III,N2 Probe,35.39690781,,
SpikeEluent,2021.05.27,2021.05.28,,SpikeEluent,Sanigen,CERES,Sample,III,-4,10000,1000,0,1000,0.1,2,0,2,CERES 1000 III,N2 Probe,36.03048706,,
SpikeEluent,2021.05.12,2021.05.13,,SpikeEluent,Sanigen,CERES,Eluent,III,-4,10000,8400,-2220,6180,0.618,19,4,15,CERES BR III,N1 Probe,34.99212265,,
SpikeEluent,2021.05.12,2021.05.13,,SpikeEluent,Sanigen,CERES,Eluent,III,-4,10000,8400,-2220,6180,0.618,19,4,15,CERES BR III,N1 Probe,34.98032379,,
SpikeEluent,2021.05.12,2021.05.13,,SpikeEluent,Sanigen,CERES,Eluent,III,-4,10000,8400,-2220,6180,0.618,19,4,15,CERES BR III,N2 Probe,36.77603149,,
SpikeEluent,2021.05.12,2021.05.13,,SpikeEluent,Sanigen,CERES,Eluent,III,-4,10000,8400,-2220,6180,0.618,19,4,15,CERES BR III,N2 Probe,36.41950607,,
SpikeEluent,2021.05.17,2021.05.18,,SpikeEluent,Sanigen,CERES,Eluent,III,-4,10000,8200,-2220,5980,0.598,19,4,15,CERES BR III,N1 Probe,30.42544365,,
SpikeEluent,2021.05.17,2021.05.18,,SpikeEluent,Sanigen,CERES,Eluent,III,-4,10000,8200,-2220,5980,0.598,19,4,15,CERES BR III,N1 Probe,30.76145554,,
SpikeEluent,2021.05.17,2021.05.18,,SpikeEluent,Sanigen,CERES,Eluent,III,-4,10000,8200,-2220,5980,0.598,19,4,15,CERES BR III,N2 Probe,33.34073639,,
SpikeEluent,2021.05.17,2021.05.18,,SpikeEluent,Sanigen,CERES,Eluent,III,-4,10000,8200,-2220,5980,0.598,19,4,15,CERES BR III,N2 Probe,33.23085022,,
SpikeEluent,2021.05.27,2021.05.28,,SpikeEluent,Sanigen,CERES,Eluent,III,-4,10000,8100,-2220,5880,0.588,19,4,15,CERES BR III,N1 Probe,26.75629807,,
SpikeEluent,2021.05.27,2021.05.28,,SpikeEluent,Sanigen,CERES,Eluent,III,-4,10000,8100,-2220,5880,0.588,19,4,15,CERES BR III,N1 Probe,26.70481682,,
SpikeEluent,2021.05.27,2021.05.28,,SpikeEluent,Sanigen,CERES,Eluent,III,-4,10000,8100,-2220,5880,0.588,19,4,15,CERES BR III,N2 Probe,27.19388199,,
SpikeEluent,2021.05.27,2021.05.28,,SpikeEluent,Sanigen,CERES,Eluent,III,-4,10000,8100,-2220,5880,0.588,19,4,15,CERES BR III,N2 Probe,27.12211227,,
SpikeEluent,2021.05.27,2021.05.28,,SpikeEluent,Sanigen,CDC,SD,,-5,10000,120,0,120,0.012,84,0,84,CDC -5,N1 Probe,30.8802433,,
SpikeEluent,2021.05.27,2021.05.28,,SpikeEluent,Sanigen,CDC,SD,,-4,10000,120,0,120,0.012,840,0,840,CDC -4,N1 Probe,27.82137108,,
SpikeEluent,2021.05.27,2021.05.28,,SpikeEluent,Sanigen,CDC,SD,,-3,10000,120,0,120,0.012,8400,0,8400,CDC -3,N1 Probe,24.8638401,,
SpikeEluent,2021.05.27,2021.05.28,,SpikeEluent,Sanigen,CDC,SD,,-2,10000,120,0,120,0.012,84000,0,84000,CDC -2,N1 Probe,22.15185738,,
SpikeEluent,2021.05.27,2021.05.28,,SpikeEluent,Sanigen,CDC,SD,,-5,10000,120,0,120,0.012,84,0,84,CDC -5,N2 Probe,32.85183716,,
SpikeEluent,2021.05.27,2021.05.28,,SpikeEluent,Sanigen,CDC,SD,,-4,10000,120,0,120,0.012,840,0,840,CDC -4,N2 Probe,28.5601387,,
SpikeEluent,2021.05.27,2021.05.28,,SpikeEluent,Sanigen,CDC,SD,,-3,10000,120,0,120,0.012,8400,0,8400,CDC -3,N2 Probe,25.04902458,,
SpikeEluent,2021.05.27,2021.05.28,,SpikeEluent,Sanigen,CDC,SD,,-2,10000,120,0,120,0.012,84000,0,84000,CDC -2,N2 Probe,20.87059212,,
SpikeEluent,2021.05.27,2021.05.28,,SpikeEluent,Sanigen,CERES,SD,,-5,10000,500,0,500,0.05,84,0,84,CERES -5,N1 Probe,28.96554947,,
SpikeEluent,2021.05.27,2021.05.28,,SpikeEluent,Sanigen,CERES,SD,,-4,10000,500,0,500,0.05,840,0,840,CERES -4,N1 Probe,25.87874603,,
SpikeEluent,2021.05.27,2021.05.28,,SpikeEluent,Sanigen,CERES,SD,,-3,10000,500,0,500,0.05,8400,0,8400,CERES -3,N1 Probe,23.3794651,,
SpikeEluent,2021.05.27,2021.05.28,,SpikeEluent,Sanigen,CERES,SD,,-2,10000,500,0,500,0.05,84000,0,84000,CERES -2,N1 Probe,20.15223694,,
SpikeEluent,2021.05.27,2021.05.28,,SpikeEluent,Sanigen,CERES,SD,,-5,10000,500,0,500,0.05,84,0,84,CERES -5,N2 Probe,30.20480537,,
SpikeEluent,2021.05.27,2021.05.28,,SpikeEluent,Sanigen,CERES,SD,,-4,10000,500,0,500,0.05,840,0,840,CERES -4,N2 Probe,26.37081718,,
SpikeEluent,2021.05.27,2021.05.28,,SpikeEluent,Sanigen,CERES,SD,,-3,10000,500,0,500,0.05,8400,0,8400,CERES -3,N2 Probe,23.69051361,,
SpikeEluent,2021.05.27,2021.05.28,,SpikeEluent,Sanigen,CERES,SD,,-2,10000,500,0,500,0.05,84000,0,84000,CERES -2,N2 Probe,20.38858414,,
