Phase,PCR,RH,TEMP,Plate,Well,Method,Tool,Input,Dilution,Copies,Sample Name,Detector,Task,Ct,StdDev Ct,Qty,Mean Qty,StdDev Qty,Filtered,Tm,User Defined #1
2,9/30/2021,41.2,25.7,1,A1,PCR,PCR.CTRL,CTRL,,,NTC N1,N1 Probe,Unknown,Undetermined,,,,,,,
2,9/30/2021,41.2,25.7,1,A3,CDC,NEG.CTRL,300,,,NEG.CTRL-CDC0300 N1,N1 Probe,Unknown,Undetermined,,,,,,,
2,9/30/2021,41.2,25.7,1,A5,CDC,SD,300,-4,840,SD-4-CDC0300 N1,N1 Probe,Unknown,26.7697,,,,,,,
2,9/30/2021,41.2,25.7,1,A6,CDC,SD,300,-3,"8,400",SD-3-CDC0300 N1,N1 Probe,Unknown,23.278,,,,,,,
2,9/30/2021,41.2,25.7,1,A7,CDC,SD,300,-2,"84,000",SD-2-CDC0300 N1,N1 Probe,Unknown,25.0061,,,,,,,
2,9/30/2021,41.2,25.7,1,A8,CDC,SD,300,-1,"840,000",SD-1-CDC0300 N1,N1 Probe,Unknown,20.8932,,,,,,,
2,9/30/2021,41.2,25.7,1,A10,CDC,POS.CTRL,300,-1,,POS.CTRL-CDC0300 N1,N1 Probe,Unknown,25.7424,,,,,,,
2,9/30/2021,41.2,25.7,1,A12,PCR,PCR.POS,CTRL,,,nCoV PC N1,N1 Probe,Unknown,19.628,,,,,,,
2,9/30/2021,41.2,25.7,1,B3,NTP,NEG.CTRL,300,,,NEG.CTRL-NTP0300 N1,N1 Probe,Unknown,Undetermined,,,,,,,
2,9/30/2021,41.2,25.7,1,B5,NTP,SD,300,-4,840,SD-4-NTP0300 N1,N1 Probe,Unknown,27.0992,,,,,,,
2,9/30/2021,41.2,25.7,1,B6,NTP,SD,300,-3,"8,400",SD-3-NTP0300 N1,N1 Probe,Unknown,23.7422,,,,,,,
2,9/30/2021,41.2,25.7,1,B7,NTP,SD,300,-2,"84,000",SD-2-NTP0300 N1,N1 Probe,Unknown,20.18,,,,,,,
2,9/30/2021,41.2,25.7,1,B8,NTP,SD,300,-1,"840,000",SD-1-NTP0300 N1,N1 Probe,Unknown,25.4467,,,,,,,
2,9/30/2021,41.2,25.7,1,B10,NTP,POS.CTRL,300,-1,,POS.CTRL-NTP0300 N1,N1 Probe,Unknown,25.9075,,,,,,,
2,9/30/2021,41.2,25.7,1,C1,CDC,A,300,-1,,A1-CDC0300 N1,N1 Probe,Unknown,26.6259,0.105,,,,,,
2,9/30/2021,41.2,25.7,1,C2,CDC,A,300,-1,,A1-CDC0300 N1,N1 Probe,Unknown,26.7743,0.105,,,,,,
2,9/30/2021,41.2,25.7,1,C3,CDC,A,300,-1,,A2-CDC0300 N1,N1 Probe,Unknown,27.5627,0.335,,,,,,
2,9/30/2021,41.2,25.7,1,C4,CDC,A,300,-1,,A2-CDC0300 N1,N1 Probe,Unknown,27.0894,0.335,,,,,,
2,9/30/2021,41.2,25.7,1,C5,CDC,A,300,-1,,A3-CDC0300 N1,N1 Probe,Unknown,27.1725,0.0956,,,,,,
2,9/30/2021,41.2,25.7,1,C6,CDC,A,300,-1,,A3-CDC0300 N1,N1 Probe,Unknown,27.0373,0.0956,,,,,,
2,9/30/2021,41.2,25.7,1,C7,CDC,B,300,-3,,B1-CDC0300 N1,N1 Probe,Unknown,33.8846,0.493,,,,,,
2,9/30/2021,41.2,25.7,1,C8,CDC,B,300,-3,,B1-CDC0300 N1,N1 Probe,Unknown,33.1872,0.493,,,,,,
2,9/30/2021,41.2,25.7,1,C9,CDC,B,300,-3,,B2-CDC0300 N1,N1 Probe,Unknown,33.4558,0.0484,,,,,,
2,9/30/2021,41.2,25.7,1,C10,CDC,B,300,-3,,B2-CDC0300 N1,N1 Probe,Unknown,33.3874,0.0484,,,,,,
2,9/30/2021,41.2,25.7,1,C11,CDC,B,300,-3,,B3-CDC0300 N1,N1 Probe,Unknown,34.2652,1.26,,,,,,
2,9/30/2021,41.2,25.7,1,C12,CDC,B,300,-3,,B3-CDC0300 N1,N1 Probe,Unknown,32.4762,1.26,,,,,,
2,9/30/2021,41.2,25.7,1,D1,NTP,A,300,-1,,A1-NTP0300 N1,N1 Probe,Unknown,28.532,0.018,,,,,,
2,9/30/2021,41.2,25.7,1,D2,NTP,A,300,-1,,A1-NTP0300 N1,N1 Probe,Unknown,28.5065,0.018,,,,,,
2,9/30/2021,41.2,25.7,1,D3,NTP,A,300,-1,,A2-NTP0300 N1,N1 Probe,Unknown,29.0204,0.253,,,,,,
2,9/30/2021,41.2,25.7,1,D4,NTP,A,300,-1,,A2-NTP0300 N1,N1 Probe,Unknown,28.663,0.253,,,,,,
2,9/30/2021,41.2,25.7,1,D5,NTP,A,300,-1,,A3-NTP0300 N1,N1 Probe,Unknown,28.8153,0.0498,,,,,,
2,9/30/2021,41.2,25.7,1,D6,NTP,A,300,-1,,A3-NTP0300 N1,N1 Probe,Unknown,28.7449,0.0498,,,,,,
2,9/30/2021,41.2,25.7,1,D7,NTP,B,300,-3,,B1-NTP0300 N1,N1 Probe,Unknown,40.7669,2.29,,,,,,
2,9/30/2021,41.2,25.7,1,D8,NTP,B,300,-3,,B1-NTP0300 N1,N1 Probe,Unknown,37.5307,2.29,,,,,,
2,9/30/2021,41.2,25.7,1,D9,NTP,B,300,-3,,B2-NTP0300 N1,N1 Probe,Unknown,37.0893,1.08,,,,,,
2,9/30/2021,41.2,25.7,1,D10,NTP,B,300,-3,,B2-NTP0300 N1,N1 Probe,Unknown,35.5618,1.08,,,,,,
2,9/30/2021,41.2,25.7,1,D11,NTP,B,300,-3,,B3-NTP0300 N1,N1 Probe,Unknown,Undetermined,,,,,,,
2,9/30/2021,41.2,25.7,1,D12,NTP,B,300,-3,,B3-NTP0300 N1,N1 Probe,Unknown,35.5512,,,,,,,
2,9/30/2021,41.2,25.7,1,E1,PCR,PCR.CTRL,CTRL,,,NTC N2,N2 Probe,Unknown,Undetermined,,,,,,,
2,9/30/2021,41.2,25.7,1,E3,CDC,NEG.CTRL,300,,,NEG.CTRL-CDC0300 N2,N2 Probe,Unknown,Undetermined,,,,,,,
2,9/30/2021,41.2,25.7,1,E5,CDC,SD,300,-4,840,SD-4-CDC0300 N2,N2 Probe,Unknown,25.8727,,,,,,,
2,9/30/2021,41.2,25.7,1,E6,CDC,SD,300,-3,"8,400",SD-3-CDC0300 N2,N2 Probe,Unknown,22.7636,,,,,,,
2,9/30/2021,41.2,25.7,1,E7,CDC,SD,300,-2,"84,000",SD-2-CDC0300 N2,N2 Probe,Unknown,24.4681,,,,,,,
2,9/30/2021,41.2,25.7,1,E8,CDC,SD,300,-1,"840,000",SD-1-CDC0300 N2,N2 Probe,Unknown,20.3374,,,,,,,
2,9/30/2021,41.2,25.7,1,E10,CDC,POS.CTRL,300,-1,,POS.CTRL-CDC0300 N2,N2 Probe,Unknown,24.9828,,,,,,,
2,9/30/2021,41.2,25.7,1,E12,PCR,PCR.POS,CTRL,,,nCoV PC N2,N2 Probe,Unknown,20.9266,,,,,,,
2,9/30/2021,41.2,25.7,1,F3,NTP,NEG.CTRL,300,,,NEG.CTRL-NTP0300 N2,N2 Probe,Unknown,Undetermined,,,,,,,
2,9/30/2021,41.2,25.7,1,F5,NTP,SD,300,-4,840,SD-4-NTP0300 N2,N2 Probe,Unknown,26.2127,,,,,,,
2,9/30/2021,41.2,25.7,1,F6,NTP,SD,300,-3,"8,400",SD-3-NTP0300 N2,N2 Probe,Unknown,23.0068,,,,,,,
2,9/30/2021,41.2,25.7,1,F7,NTP,SD,300,-2,"84,000",SD-2-NTP0300 N2,N2 Probe,Unknown,19.5884,,,,,,,
2,9/30/2021,41.2,25.7,1,F8,NTP,SD,300,-1,"840,000",SD-1-NTP0300 N2,N2 Probe,Unknown,24.8377,,,,,,,
2,9/30/2021,41.2,25.7,1,F10,NTP,POS.CTRL,300,-1,,POS.CTRL-NTP0300 N2,N2 Probe,Unknown,25.2997,,,,,,,
2,9/30/2021,41.2,25.7,1,G1,CDC,A,300,-1,,A1-CDC0300 N2,N2 Probe,Unknown,28.7371,1.19,,,,,,
2,9/30/2021,41.2,25.7,1,G2,CDC,A,300,-1,,A1-CDC0300 N2,N2 Probe,Unknown,30.4197,1.19,,,,,,
2,9/30/2021,41.2,25.7,1,G3,CDC,A,300,-1,,A2-CDC0300 N2,N2 Probe,Unknown,32.0252,0.411,,,,,,
2,9/30/2021,41.2,25.7,1,G4,CDC,A,300,-1,,A2-CDC0300 N2,N2 Probe,Unknown,32.6067,0.411,,,,,,
2,9/30/2021,41.2,25.7,1,G5,CDC,A,300,-1,,A3-CDC0300 N2,N2 Probe,Unknown,34.3495,2.23,,,,,,
2,9/30/2021,41.2,25.7,1,G6,CDC,A,300,-1,,A3-CDC0300 N2,N2 Probe,Unknown,31.1956,2.23,,,,,,
2,9/30/2021,41.2,25.7,1,G7,CDC,B,300,-3,,B1-CDC0300 N2,N2 Probe,Unknown,38.9377,1.03,,,,,,
2,9/30/2021,41.2,25.7,1,G8,CDC,B,300,-3,,B1-CDC0300 N2,N2 Probe,Unknown,40.3893,1.03,,,,,,
2,9/30/2021,41.2,25.7,1,G9,CDC,B,300,-3,,B2-CDC0300 N2,N2 Probe,Unknown,38.7512,0.369,,,,,,
2,9/30/2021,41.2,25.7,1,G10,CDC,B,300,-3,,B2-CDC0300 N2,N2 Probe,Unknown,38.2294,0.369,,,,,,
2,9/30/2021,41.2,25.7,1,G11,CDC,B,300,-3,,B3-CDC0300 N2,N2 Probe,Unknown,38.3477,2.96,,,,,,
2,9/30/2021,41.2,25.7,1,G12,CDC,B,300,-3,,B3-CDC0300 N2,N2 Probe,Unknown,34.1616,2.96,,,,,,
2,9/30/2021,41.2,25.7,1,H1,NTP,A,300,-1,,A1-NTP0300 N2,N2 Probe,Unknown,32.7942,2.76,,,,,,
2,9/30/2021,41.2,25.7,1,H2,NTP,A,300,-1,,A1-NTP0300 N2,N2 Probe,Unknown,36.6914,2.76,,,,,,
2,9/30/2021,41.2,25.7,1,H3,NTP,A,300,-1,,A2-NTP0300 N2,N2 Probe,Unknown,36.8851,0.093,,,,,,
2,9/30/2021,41.2,25.7,1,H4,NTP,A,300,-1,,A2-NTP0300 N2,N2 Probe,Unknown,37.0166,0.093,,,,,,
2,9/30/2021,41.2,25.7,1,H5,NTP,A,300,-1,,A3-NTP0300 N2,N2 Probe,Unknown,38.6768,0.515,,,,,,
2,9/30/2021,41.2,25.7,1,H6,NTP,A,300,-1,,A3-NTP0300 N2,N2 Probe,Unknown,37.9479,0.515,,,,,,
2,9/30/2021,41.2,25.7,1,H7,NTP,B,300,-3,,B1-NTP0300 N2,N2 Probe,Unknown,Undetermined,,,,,,,
2,9/30/2021,41.2,25.7,1,H8,NTP,B,300,-3,,B1-NTP0300 N2,N2 Probe,Unknown,44.0007,,,,,,,
2,9/30/2021,41.2,25.7,1,H9,NTP,B,300,-3,,B2-NTP0300 N2,N2 Probe,Unknown,Undetermined,,,,,,,
2,9/30/2021,41.2,25.7,1,H10,NTP,B,300,-3,,B2-NTP0300 N2,N2 Probe,Unknown,41.178,,,,,,,
2,9/30/2021,41.2,25.7,1,H11,NTP,B,300,-3,,B3-NTP0300 N2,N2 Probe,Unknown,42.3081,2.79,,,,,,
2,9/30/2021,41.2,25.7,1,H12,NTP,B,300,-3,,B3-NTP0300 N2,N2 Probe,Unknown,38.3677,2.79,,,,,,
2,9/30/2021,41.2,25.7,2,A1,PCR,PCR.CTRL,CTRL,,,NTC N1,N1 Probe,Unknown,Undetermined,,,,,,,
2,9/30/2021,41.2,25.7,2,A3,NTP,NEG.CTRL,1000,,,NEG.CTRL-NTP1000 N1,N1 Probe,Unknown,Undetermined,,,,,,,
2,9/30/2021,41.2,25.7,2,A5,NTP,SD,1000,-4,840,SD-4-NTP1000 N1,N1 Probe,Unknown,24.3196,,,,,,,
2,9/30/2021,41.2,25.7,2,A6,NTP,SD,1000,-3,"8,400",SD-3-NTP1000 N1,N1 Probe,Unknown,21.1778,,,,,,,
2,9/30/2021,41.2,25.7,2,A7,NTP,SD,1000,-2,"84,000",SD-2-NTP1000 N1,N1 Probe,Unknown,19.0363,,,,,,,
2,9/30/2021,41.2,25.7,2,A8,NTP,SD,1000,-1,"840,000",SD-1-NTP1000 N1,N1 Probe,Unknown,22.8922,,,,,,,
2,9/30/2021,41.2,25.7,2,A10,NTP,POS.CTRL,1000,-1,,POS.CTRL-NTP1000 N1,N1 Probe,Unknown,22.5151,,,,,,,
2,9/30/2021,41.2,25.7,2,A12,PCR,PCR.POS,CTRL,,,nCoV PC N1,N1 Probe,Unknown,18.3925,,,,,,,
2,9/30/2021,41.2,25.7,2,B3,NTP,NEG.CTRL,6800,,,NEG.CTRL-NTP.ELU N1,N1 Probe,Unknown,Undetermined,,,,,,,
2,9/30/2021,41.2,25.7,2,B5,NTP,SD,300,-4,840,SD-4-NTP.ELU N1,N1 Probe,Unknown,25.4376,,,,,,,
2,9/30/2021,41.2,25.7,2,B6,NTP,SD,300,-3,"8,400",SD-3-NTP.ELU N1,N1 Probe,Unknown,22.3389,,,,,,,
2,9/30/2021,41.2,25.7,2,B7,NTP,SD,300,-2,"84,000",SD-2-NTP.ELU N1,N1 Probe,Unknown,18.7179,,,,,,,
2,9/30/2021,41.2,25.7,2,B8,NTP,SD,300,-1,"840,000",SD-1-NTP.ELU N1,N1 Probe,Unknown,23.9144,,,,,,,
2,9/30/2021,41.2,25.7,2,B10,NTP,POS.CTRL,6800,-1,,POS.CTRL-NTP.ELU N1,N1 Probe,Unknown,20.261,,,,,,,
2,9/30/2021,41.2,25.7,2,C1,NTP,A,1000,-1,,A1-NTP1000 N1,N1 Probe,Unknown,25.638,0.132,,,,,,
2,9/30/2021,41.2,25.7,2,C2,NTP,A,1000,-1,,A1-NTP1000 N1,N1 Probe,Unknown,25.8244,0.132,,,,,,
2,9/30/2021,41.2,25.7,2,C3,NTP,A,1000,-1,,A2-NTP1000 N1,N1 Probe,Unknown,25.6419,0.414,,,,,,
2,9/30/2021,41.2,25.7,2,C4,NTP,A,1000,-1,,A2-NTP1000 N1,N1 Probe,Unknown,26.2272,0.414,,,,,,
2,9/30/2021,41.2,25.7,2,C5,NTP,A,1000,-1,,A3-NTP1000 N1,N1 Probe,Unknown,25.5634,0.251,,,,,,
2,9/30/2021,41.2,25.7,2,C6,NTP,A,1000,-1,,A3-NTP1000 N1,N1 Probe,Unknown,25.9184,0.251,,,,,,
2,9/30/2021,41.2,25.7,2,C7,NTP,B,1000,-3,,B1-NTP1000 N1,N1 Probe,Unknown,34.0023,0.344,,,,,,
2,9/30/2021,41.2,25.7,2,C8,NTP,B,1000,-3,,B1-NTP1000 N1,N1 Probe,Unknown,34.4885,0.344,,,,,,
2,9/30/2021,41.2,25.7,2,C9,NTP,B,1000,-3,,B2-NTP1000 N1,N1 Probe,Unknown,32.5966,1.31,,,,,,
2,9/30/2021,41.2,25.7,2,C10,NTP,B,1000,-3,,B2-NTP1000 N1,N1 Probe,Unknown,34.4524,1.31,,,,,,
2,9/30/2021,41.2,25.7,2,C11,NTP,B,1000,-3,,B3-NTP1000 N1,N1 Probe,Unknown,30.7352,0.524,,,,,,
2,9/30/2021,41.2,25.7,2,C12,NTP,B,1000,-3,,B3-NTP1000 N1,N1 Probe,Unknown,31.4763,0.524,,,,,,
2,9/30/2021,41.2,25.7,2,D1,NTP,A,6800,-1,,A1-NTP.ELU N1,N1 Probe,Unknown,24.5825,0.44,,,,,,
2,9/30/2021,41.2,25.7,2,D2,NTP,A,6800,-1,,A1-NTP.ELU N1,N1 Probe,Unknown,25.205,0.44,,,,,,
2,9/30/2021,41.2,25.7,2,D3,NTP,A,6900,-1,,A2-NTP.ELU N1,N1 Probe,Unknown,25.7403,0.399,,,,,,
2,9/30/2021,41.2,25.7,2,D4,NTP,A,6900,-1,,A2-NTP.ELU N1,N1 Probe,Unknown,25.1757,0.399,,,,,,
2,9/30/2021,41.2,25.7,2,D5,NTP,A,6900,-1,,A3-NTP.ELU N1,N1 Probe,Unknown,24.8743,0.256,,,,,,
2,9/30/2021,41.2,25.7,2,D6,NTP,A,6900,-1,,A3-NTP.ELU N1,N1 Probe,Unknown,24.5124,0.256,,,,,,
2,9/30/2021,41.2,25.7,2,D7,NTP,B,6600,-3,,B1-NTP.ELU N1,N1 Probe,Unknown,30.7971,0.148,,,,,,
2,9/30/2021,41.2,25.7,2,D8,NTP,B,6600,-3,,B1-NTP.ELU N1,N1 Probe,Unknown,31.007,0.148,,,,,,
2,9/30/2021,41.2,25.7,2,D9,NTP,B,6500,-3,,B2-NTP.ELU N1,N1 Probe,Unknown,33.2782,0.487,,,,,,
2,9/30/2021,41.2,25.7,2,D10,NTP,B,6500,-3,,B2-NTP.ELU N1,N1 Probe,Unknown,32.5889,0.487,,,,,,
2,9/30/2021,41.2,25.7,2,D11,NTP,B,6600,-3,,B3-NTP.ELU N1,N1 Probe,Unknown,33.8272,0.983,,,,,,
2,9/30/2021,41.2,25.7,2,D12,NTP,B,6600,-3,,B3-NTP.ELU N1,N1 Probe,Unknown,35.2178,0.983,,,,,,
2,9/30/2021,41.2,25.7,2,E1,PCR,PCR.CTRL,CTRL,,,NTC N2,N2 Probe,Unknown,Undetermined,,,,,,,
2,9/30/2021,41.2,25.7,2,E3,NTP,NEG.CTRL,1000,,,NEG.CTRL-NTP1000 N2,N2 Probe,Unknown,Undetermined,,,,,,,
2,9/30/2021,41.2,25.7,2,E5,NTP,SD,1000,-4,840,SD-4-NTP1000 N2,N2 Probe,Unknown,26.0869,,,,,,,
2,9/30/2021,41.2,25.7,2,E6,NTP,SD,1000,-3,"8,400",SD-3-NTP1000 N2,N2 Probe,Unknown,22.608,,,,,,,
2,9/30/2021,41.2,25.7,2,E7,NTP,SD,1000,-2,"84,000",SD-2-NTP1000 N2,N2 Probe,Unknown,20.5741,,,,,,,
2,9/30/2021,41.2,25.7,2,E8,NTP,SD,1000,-1,"840,000",SD-1-NTP1000 N2,N2 Probe,Unknown,24.3626,,,,,,,
2,9/30/2021,41.2,25.7,2,E10,NTP,POS.CTRL,1000,-1,,POS.CTRL-NTP1000 N2,N2 Probe,Unknown,23.7495,,,,,,,
2,9/30/2021,41.2,25.7,2,E12,PCR,PCR.POS,CTRL,,,nCoV PC N2,N2 Probe,Unknown,21.144,,,,,,,
2,9/30/2021,41.2,25.7,2,F3,NTP,NEG.CTRL,6800,,,NEG.CTRL-NTP.ELU N2,N2 Probe,Unknown,Undetermined,,,,,,,
2,9/30/2021,41.2,25.7,2,F5,NTP,SD,300,-4,840,SD-4-NTP.ELU N2,N2 Probe,Unknown,26.5763,,,,,,,
2,9/30/2021,41.2,25.7,2,F6,NTP,SD,300,-3,"8,400",SD-3-NTP.ELU N2,N2 Probe,Unknown,23.1068,,,,,,,
2,9/30/2021,41.2,25.7,2,F7,NTP,SD,300,-2,"84,000",SD-2-NTP.ELU N2,N2 Probe,Unknown,19.5086,,,,,,,
2,9/30/2021,41.2,25.7,2,F8,NTP,SD,300,-1,"840,000",SD-1-NTP.ELU N2,N2 Probe,Unknown,24.9518,,,,,,,
2,9/30/2021,41.2,25.7,2,F10,NTP,POS.CTRL,6800,-1,,POS.CTRL-NTP.ELU N2,N2 Probe,Unknown,21.6189,,,,,,,
2,9/30/2021,41.2,25.7,2,G1,NTP,A,6800,-1,,A1-NTP1000 N2,N2 Probe,Unknown,26.9604,0.18,,,,,,
2,9/30/2021,41.2,25.7,2,G2,NTP,A,1000,-1,,A1-NTP1000 N2,N2 Probe,Unknown,27.2142,0.18,,,,,,
2,9/30/2021,41.2,25.7,2,G3,NTP,A,1000,-1,,A2-NTP1000 N2,N2 Probe,Unknown,27.2984,0.0344,,,,,,
2,9/30/2021,41.2,25.7,2,G4,NTP,A,1000,-1,,A2-NTP1000 N2,N2 Probe,Unknown,27.2497,0.0344,,,,,,
2,9/30/2021,41.2,25.7,2,G5,NTP,A,1000,-1,,A3-NTP1000 N2,N2 Probe,Unknown,27.2425,0.0444,,,,,,
2,9/30/2021,41.2,25.7,2,G6,NTP,A,1000,-1,,A3-NTP1000 N2,N2 Probe,Unknown,27.1798,0.0444,,,,,,
2,9/30/2021,41.2,25.7,2,G7,NTP,B,1000,-3,,B1-NTP1000 N2,N2 Probe,Unknown,33.835,0.86,,,,,,
2,9/30/2021,41.2,25.7,2,G8,NTP,B,1000,-3,,B1-NTP1000 N2,N2 Probe,Unknown,35.0505,0.86,,,,,,
2,9/30/2021,41.2,25.7,2,G9,NTP,B,1000,-3,,B2-NTP1000 N2,N2 Probe,Unknown,32.2346,0.869,,,,,,
2,9/30/2021,41.2,25.7,2,G10,NTP,B,1000,-3,,B2-NTP1000 N2,N2 Probe,Unknown,31.0059,0.869,,,,,,
2,9/30/2021,41.2,25.7,2,G11,NTP,B,1000,-3,,B3-NTP1000 N2,N2 Probe,Unknown,34.0433,1.17,,,,,,
2,9/30/2021,41.2,25.7,2,G12,NTP,B,1000,-3,,B3-NTP1000 N2,N2 Probe,Unknown,32.3887,1.17,,,,,,
2,9/30/2021,41.2,25.7,2,H1,NTP,A,6800,-1,,A1-NTP.ELU N2,N2 Probe,Unknown,22.5711,2.85,,,,,,
2,9/30/2021,41.2,25.7,2,H2,NTP,A,6800,-1,,A1-NTP.ELU N2,N2 Probe,Unknown,26.6012,2.85,,,,,,
2,9/30/2021,41.2,25.7,2,H3,NTP,A,6900,-1,,A2-NTP.ELU N2,N2 Probe,Unknown,26.0961,0.0944,,,,,,
2,9/30/2021,41.2,25.7,2,H4,NTP,A,6900,-1,,A2-NTP.ELU N2,N2 Probe,Unknown,26.2295,0.0944,,,,,,
2,9/30/2021,41.2,25.7,2,H5,NTP,A,6900,-1,,A3-NTP.ELU N2,N2 Probe,Unknown,26.1959,0.171,,,,,,
2,9/30/2021,41.2,25.7,2,H6,NTP,A,6900,-1,,A3-NTP.ELU N2,N2 Probe,Unknown,25.9534,0.171,,,,,,
2,9/30/2021,41.2,25.7,2,H7,NTP,B,6600,-3,,B1-NTP.ELU N2,N2 Probe,Unknown,32.2481,0.462,,,,,,
2,9/30/2021,41.2,25.7,2,H8,NTP,B,6600,-3,,B1-NTP.ELU N2,N2 Probe,Unknown,31.5953,0.462,,,,,,
2,9/30/2021,41.2,25.7,2,H9,NTP,B,6500,-3,,B2-NTP.ELU N2,N2 Probe,Unknown,32.7369,0.189,,,,,,
2,9/30/2021,41.2,25.7,2,H10,NTP,B,6500,-3,,B2-NTP.ELU N2,N2 Probe,Unknown,33.0041,0.189,,,,,,
2,9/30/2021,41.2,25.7,2,H11,NTP,B,6600,-3,,B3-NTP.ELU N2,N2 Probe,Unknown,33.3133,0.209,,,,,,
2,9/30/2021,41.2,25.7,2,H12,NTP,B,6600,-3,,B3-NTP.ELU N2,N2 Probe,Unknown,33.0174,0.209,,,,,,
2,10/5/2021,42.05,25.15,1,A1,PCR,PCR.CTRL,CTRL,,,NTC N1,N1 Probe,Unknown,Undetermined,,,,,,,
2,10/5/2021,42.05,25.15,1,A3,CDC,NEG.CTRL,300,,,NEG.CTRL-CDC0300 N1,N1 Probe,Unknown,Undetermined,,,,,,,
2,10/5/2021,42.05,25.15,1,A5,CDC,SD,300,-4,840,SD-4-CDC0300 N1,N1 Probe,Unknown,26.7547,,,,,,,
2,10/5/2021,42.05,25.15,1,A6,CDC,SD,300,-3,"8,400",SD-3-CDC0300 N1,N1 Probe,Unknown,24.1689,,,,,,,
2,10/5/2021,42.05,25.15,1,A7,CDC,SD,300,-2,"84,000",SD-2-CDC0300 N1,N1 Probe,Unknown,20.234,,,,,,,
2,10/5/2021,42.05,25.15,1,A8,CDC,SD,300,-1,"840,000",SD-1-CDC0300 N1,N1 Probe,Unknown,18.0667,,,,,,,
2,10/5/2021,42.05,25.15,1,A10,CDC,POS.CTRL,300,-1,,POS.CTRL-CDC0300 N1,N1 Probe,Unknown,26.3075,,,,,,,
2,10/5/2021,42.05,25.15,1,A12,PCR,PCR.POS,CTRL,,,nCoV PC N1,N1 Probe,Unknown,19.1612,,,,,,,
2,10/5/2021,42.05,25.15,1,B3,NTP,NEG.CTRL,300,,,NEG.CTRL-NTP0300 N1,N1 Probe,Unknown,Undetermined,,,,,,,
2,10/5/2021,42.05,25.15,1,B5,NTP,SD,300,-4,840,SD-4-NTP0300 N1,N1 Probe,Unknown,26.8478,,,,,,,
2,10/5/2021,42.05,25.15,1,B6,NTP,SD,300,-3,"8,400",SD-3-NTP0300 N1,N1 Probe,Unknown,23.4997,,,,,,,
2,10/5/2021,42.05,25.15,1,B7,NTP,SD,300,-2,"84,000",SD-2-NTP0300 N1,N1 Probe,Unknown,20.0032,,,,,,,
2,10/5/2021,42.05,25.15,1,B8,NTP,SD,300,-1,"840,000",SD-1-NTP0300 N1,N1 Probe,Unknown,17.0368,,,,,,,
2,10/5/2021,42.05,25.15,1,B10,NTP,POS.CTRL,300,-1,,POS.CTRL-NTP0300 N1,N1 Probe,Unknown,25.8691,,,,,,,
2,10/5/2021,42.05,25.15,1,C1,CDC,A,300,-1,,A1-CDC0300 N1,N1 Probe,Unknown,31.3731,0.155,,,,,,
2,10/5/2021,42.05,25.15,1,C2,CDC,A,300,-1,,A1-CDC0300 N1,N1 Probe,Unknown,31.1541,0.155,,,,,,
2,10/5/2021,42.05,25.15,1,C4,CDC,A,300,-1,,A2-CDC0300 N1,N1 Probe,Unknown,30.7885,0.302,,,,,,
2,10/5/2021,42.05,25.15,1,C5,CDC,A,300,-1,,A3-CDC0300 N1,N1 Probe,Unknown,30.5191,0.32,,,,,,
2,10/5/2021,42.05,25.15,1,C6,CDC,A,300,-1,,A3-CDC0300 N1,N1 Probe,Unknown,30.0669,0.32,,,,,,
2,10/5/2021,42.05,25.15,1,C7,CDC,B,300,-3,,B1-CDC0300 N1,N1 Probe,Unknown,Undetermined,,,,,,,
2,10/5/2021,42.05,25.15,1,C8,CDC,B,300,-3,,B1-CDC0300 N1,N1 Probe,Unknown,Undetermined,,,,,,,
2,10/5/2021,42.05,25.15,1,C9,CDC,B,300,-3,,B2-CDC0300 N1,N1 Probe,Unknown,Undetermined,,,,,,,
2,10/5/2021,42.05,25.15,1,C10,CDC,B,300,-3,,B2-CDC0300 N1,N1 Probe,Unknown,Undetermined,,,,,,,
2,10/5/2021,42.05,25.15,1,C11,CDC,B,300,-3,,B3-CDC0300 N1,N1 Probe,Unknown,Undetermined,,,,,,,
2,10/5/2021,42.05,25.15,1,C12,CDC,B,300,-3,,B3-CDC0300 N1,N1 Probe,Unknown,Undetermined,,,,,,,
2,10/5/2021,42.05,25.15,1,D1,NTP,A,300,-1,,A1-NTP0300 N1,N1 Probe,Unknown,29.1164,0.145,,,,,,
2,10/5/2021,42.05,25.15,1,D2,NTP,A,300,-1,,A1-NTP0300 N1,N1 Probe,Unknown,29.322,0.145,,,,,,
2,10/5/2021,42.05,25.15,1,D3,NTP,A,300,-1,,A2-NTP0300 N1,N1 Probe,Unknown,29.3055,0.165,,,,,,
2,10/5/2021,42.05,25.15,1,D4,NTP,A,300,-1,,A2-NTP0300 N1,N1 Probe,Unknown,29.0716,0.165,,,,,,
2,10/5/2021,42.05,25.15,1,D5,NTP,A,300,-1,,A3-NTP0300 N1,N1 Probe,Unknown,28.9295,0.132,,,,,,
2,10/5/2021,42.05,25.15,1,D6,NTP,A,300,-1,,A3-NTP0300 N1,N1 Probe,Unknown,28.7431,0.132,,,,,,
2,10/5/2021,42.05,25.15,1,D7,NTP,B,300,-3,,B1-NTP0300 N1,N1 Probe,Unknown,Undetermined,,,,,,,
2,10/5/2021,42.05,25.15,1,D8,NTP,B,300,-3,,B1-NTP0300 N1,N1 Probe,Unknown,35.6392,,,,,,,
2,10/5/2021,42.05,25.15,1,D9,NTP,B,300,-3,,B2-NTP0300 N1,N1 Probe,Unknown,36.1062,0.784,,,,,,
2,10/5/2021,42.05,25.15,1,D10,NTP,B,300,-3,,B2-NTP0300 N1,N1 Probe,Unknown,34.9975,0.784,,,,,,
2,10/5/2021,42.05,25.15,1,D11,NTP,B,300,-3,,B3-NTP0300 N1,N1 Probe,Unknown,Undetermined,,,,,,,
2,10/5/2021,42.05,25.15,1,D12,NTP,B,300,-3,,B3-NTP0300 N1,N1 Probe,Unknown,35.3147,,,,,,,
2,10/5/2021,42.05,25.15,1,E1,PCR,PCR.CTRL,CTRL,,,NTC N2,N2 Probe,Unknown,Undetermined,,,,,,,
2,10/5/2021,42.05,25.15,1,E3,CDC,NEG.CTRL,300,,,NEG.CTRL-CDC0300 N2,N2 Probe,Unknown,Undetermined,,,,,,,
2,10/5/2021,42.05,25.15,1,E5,CDC,SD,300,-4,840,SD-4-CDC0300 N2,N2 Probe,Unknown,27.1409,,,,,,,
2,10/5/2021,42.05,25.15,1,E6,CDC,SD,300,-3,"8,400",SD-3-CDC0300 N2,N2 Probe,Unknown,24.0734,,,,,,,
2,10/5/2021,42.05,25.15,1,E7,CDC,SD,300,-2,"84,000",SD-2-CDC0300 N2,N2 Probe,Unknown,20.2647,,,,,,,
2,10/5/2021,42.05,25.15,1,E8,CDC,SD,300,-1,"840,000",SD-1-CDC0300 N2,N2 Probe,Unknown,18.2195,,,,,,,
2,10/5/2021,42.05,25.15,1,E10,CDC,POS.CTRL,300,-1,,POS.CTRL-CDC0300 N2,N2 Probe,Unknown,26.4633,,,,,,,
2,10/5/2021,42.05,25.15,1,E12,PCR,PCR.POS,CTRL,,,nCoV PC N2,N2 Probe,Unknown,19.5909,,,,,,,
2,10/5/2021,42.05,25.15,1,F3,NTP,NEG.CTRL,300,,,NEG.CTRL-NTP0300 N2,N2 Probe,Unknown,Undetermined,,,,,,,
2,10/5/2021,42.05,25.15,1,F5,NTP,SD,300,-4,840,SD-4-NTP0300 N2,N2 Probe,Unknown,27.2603,,,,,,,
2,10/5/2021,42.05,25.15,1,F6,NTP,SD,300,-3,"8,400",SD-3-NTP0300 N2,N2 Probe,Unknown,23.5935,,,,,,,
2,10/5/2021,42.05,25.15,1,F7,NTP,SD,300,-2,"84,000",SD-2-NTP0300 N2,N2 Probe,Unknown,20.3045,,,,,,,
2,10/5/2021,42.05,25.15,1,F8,NTP,SD,300,-1,"840,000",SD-1-NTP0300 N2,N2 Probe,Unknown,17.3671,,,,,,,
2,10/5/2021,42.05,25.15,1,F10,NTP,POS.CTRL,300,-1,,POS.CTRL-NTP0300 N2,N2 Probe,Unknown,26.5431,,,,,,,
2,10/5/2021,42.05,25.15,1,G1,CDC,A,300,-1,,A1-CDC0300 N2,N2 Probe,Unknown,31.6413,0.221,,,,,,
2,10/5/2021,42.05,25.15,1,G2,CDC,A,300,-1,,A1-CDC0300 N2,N2 Probe,Unknown,31.329,0.221,,,,,,
2,10/5/2021,42.05,25.15,1,G3,CDC,A,300,-1,,A2-CDC0300 N2,N2 Probe,Unknown,31.302,0.369,,,,,,
2,10/5/2021,42.05,25.15,1,G4,CDC,A,300,-1,,A2-CDC0300 N2,N2 Probe,Unknown,30.7797,0.369,,,,,,
2,10/5/2021,42.05,25.15,1,G5,CDC,A,300,-1,,A3-CDC0300 N2,N2 Probe,Unknown,30.9838,0.324,,,,,,
2,10/5/2021,42.05,25.15,1,G6,CDC,A,300,-1,,A3-CDC0300 N2,N2 Probe,Unknown,31.442,0.324,,,,,,
2,10/5/2021,42.05,25.15,1,G7,CDC,B,300,-3,,B1-CDC0300 N2,N2 Probe,Unknown,Undetermined,,,,,,,
2,10/5/2021,42.05,25.15,1,G8,CDC,B,300,-3,,B1-CDC0300 N2,N2 Probe,Unknown,Undetermined,,,,,,,
2,10/5/2021,42.05,25.15,1,G9,CDC,B,300,-3,,B2-CDC0300 N2,N2 Probe,Unknown,Undetermined,,,,,,,
2,10/5/2021,42.05,25.15,1,G10,CDC,B,300,-3,,B2-CDC0300 N2,N2 Probe,Unknown,36.1846,,,,,,,
2,10/5/2021,42.05,25.15,1,G11,CDC,B,300,-3,,B3-CDC0300 N2,N2 Probe,Unknown,Undetermined,,,,,,,
2,10/5/2021,42.05,25.15,1,G12,CDC,B,300,-3,,B3-CDC0300 N2,N2 Probe,Unknown,Undetermined,,,,,,,
2,10/5/2021,42.05,25.15,1,H1,NTP,A,300,-1,,A1-NTP0300 N2,N2 Probe,Unknown,29.6418,0.202,,,,,,
2,10/5/2021,42.05,25.15,1,H2,NTP,A,300,-1,,A1-NTP0300 N2,N2 Probe,Unknown,29.9274,0.202,,,,,,
2,10/5/2021,42.05,25.15,1,H3,NTP,A,300,-1,,A2-NTP0300 N2,N2 Probe,Unknown,29.1533,0.244,,,,,,
2,10/5/2021,42.05,25.15,1,H4,NTP,A,300,-1,,A2-NTP0300 N2,N2 Probe,Unknown,29.4977,0.244,,,,,,
2,10/5/2021,42.05,25.15,1,H5,NTP,A,300,-1,,A3-NTP0300 N2,N2 Probe,Unknown,29.1709,0.0691,,,,,,
2,10/5/2021,42.05,25.15,1,H6,NTP,A,300,-1,,A3-NTP0300 N2,N2 Probe,Unknown,29.0732,0.0691,,,,,,
2,10/5/2021,42.05,25.15,1,H7,NTP,B,300,-3,,B1-NTP0300 N2,N2 Probe,Unknown,Undetermined,,,,,,,
2,10/5/2021,42.05,25.15,1,H8,NTP,B,300,-3,,B1-NTP0300 N2,N2 Probe,Unknown,Undetermined,,,,,,,
2,10/5/2021,42.05,25.15,1,H9,NTP,B,300,-3,,B2-NTP0300 N2,N2 Probe,Unknown,Undetermined,,,,,,,
2,10/5/2021,42.05,25.15,1,H10,NTP,B,300,-3,,B2-NTP0300 N2,N2 Probe,Unknown,35.0181,,,,,,,
2,10/5/2021,42.05,25.15,1,H11,NTP,B,300,-3,,B3-NTP0300 N2,N2 Probe,Unknown,33.0107,2.06,,,,,,
2,10/5/2021,42.05,25.15,1,H12,NTP,B,300,-3,,B3-NTP0300 N2,N2 Probe,Unknown,35.9307,2.06,,,,,,
2,10/5/2021,42.05,25.15,2,A1,PCR,PCR.CTRL,CTRL,,,NTC N1,N1 Probe,Unknown,Undetermined,,,,,,,
2,10/5/2021,42.05,25.15,2,A3,NTP,NEG.CTRL,1000,,,NEG.CTRL-NTP1000 N1,N1 Probe,Unknown,Undetermined,,,,,,,
2,10/5/2021,42.05,25.15,2,A5,NTP,SD,1000,-4,840,SD-4-NTP1000 N1,N1 Probe,Unknown,27.0654,,,,,,,
2,10/5/2021,42.05,25.15,2,A6,NTP,SD,1000,-3,"8,400",SD-3-NTP1000 N1,N1 Probe,Unknown,24.3977,,,,,,,
2,10/5/2021,42.05,25.15,2,A7,NTP,SD,1000,-2,"84,000",SD-2-NTP1000 N1,N1 Probe,Unknown,20.5112,,,,,,,
2,10/5/2021,42.05,25.15,2,A8,NTP,SD,1000,-1,"840,000",SD-1-NTP1000 N1,N1 Probe,Unknown,18.1678,,,,,,,
2,10/5/2021,42.05,25.15,2,A10,NTP,POS.CTRL,1000,-1,,POS.CTRL-NTP1000 N1,N1 Probe,Unknown,24.4691,,,,,,,
2,10/5/2021,42.05,25.15,2,A12,PCR,PCR.POS,CTRL,,,nCoV PC N1,N1 Probe,Unknown,19.745,,,,,,,
2,10/5/2021,42.05,25.15,2,B3,NTP,NEG.CTRL,6400,,,NEG.CTRL-NTP.ELU N1,N1 Probe,Unknown,Undetermined,,,,,,,
2,10/5/2021,42.05,25.15,2,B5,NTP,SD,300,-4,840,SD-4-NTP.ELU N1,N1 Probe,Unknown,27.0102,,,,,,,
2,10/5/2021,42.05,25.15,2,B6,NTP,SD,300,-3,"8,400",SD-3-NTP.ELU N1,N1 Probe,Unknown,Undetermined,,,,,,,
2,10/5/2021,42.05,25.15,2,B7,NTP,SD,300,-2,"84,000",SD-2-NTP.ELU N1,N1 Probe,Unknown,Undetermined,,,,,,,
2,10/5/2021,42.05,25.15,2,B8,NTP,SD,300,-1,"840,000",SD-1-NTP.ELU N1,N1 Probe,Unknown,Undetermined,,,,,,,
2,10/5/2021,42.05,25.15,2,B10,NTP,POS.CTRL,6900,-1,,POS.CTRL-NTP.ELU N1,N1 Probe,Unknown,Undetermined,,,,,,,
2,10/5/2021,42.05,25.15,2,C1,NTP,A,1000,-1,,A1-NTP1000 N1,N1 Probe,Unknown,33.8242,0.0672,,,,,,
2,10/5/2021,42.05,25.15,2,C2,NTP,A,1000,-1,,A1-NTP1000 N1,N1 Probe,Unknown,33.7292,0.0672,,,,,,
2,10/5/2021,42.05,25.15,2,C3,NTP,A,1000,-1,,A2-NTP1000 N1,N1 Probe,Unknown,27.9815,0.342,,,,,,
2,10/5/2021,42.05,25.15,2,C4,NTP,A,1000,-1,,A2-NTP1000 N1,N1 Probe,Unknown,28.4647,0.342,,,,,,
2,10/5/2021,42.05,25.15,2,C5,NTP,A,1000,-1,,A3-NTP1000 N1,N1 Probe,Unknown,28.1237,0.0159,,,,,,
2,10/5/2021,42.05,25.15,2,C6,NTP,A,1000,-1,,A3-NTP1000 N1,N1 Probe,Unknown,28.1013,0.0159,,,,,,
2,10/5/2021,42.05,25.15,2,C7,NTP,B,1000,-3,,B1-NTP1000 N1,N1 Probe,Unknown,34.5651,0.156,,,,,,
2,10/5/2021,42.05,25.15,2,C8,NTP,B,1000,-3,,B1-NTP1000 N1,N1 Probe,Unknown,34.7855,0.156,,,,,,
2,10/5/2021,42.05,25.15,2,C9,NTP,B,1000,-3,,B2-NTP1000 N1,N1 Probe,Unknown,35.0309,1.1,,,,,,
2,10/5/2021,42.05,25.15,2,C10,NTP,B,1000,-3,,B2-NTP1000 N1,N1 Probe,Unknown,36.5919,1.1,,,,,,
2,10/5/2021,42.05,25.15,2,C11,NTP,B,1000,-3,,B3-NTP1000 N1,N1 Probe,Unknown,35.3238,0.321,,,,,,
2,10/5/2021,42.05,25.15,2,C12,NTP,B,1000,-3,,B3-NTP1000 N1,N1 Probe,Unknown,34.87,0.321,,,,,,
2,10/5/2021,42.05,25.15,2,D1,NTP,A,6700,-1,,A1-NTP.ELU N1,N1 Probe,Unknown,27.0344,0.0106,,,,,,
2,10/5/2021,42.05,25.15,2,D2,NTP,A,6700,-1,,A1-NTP.ELU N1,N1 Probe,Unknown,27.0195,0.0106,,,,,,
2,10/5/2021,42.05,25.15,2,D3,NTP,A,6800,-1,,A2-NTP.ELU N1,N1 Probe,Unknown,27.083,0.176,,,,,,
2,10/5/2021,42.05,25.15,2,D4,NTP,A,6800,-1,,A2-NTP.ELU N1,N1 Probe,Unknown,27.3324,0.176,,,,,,
2,10/5/2021,42.05,25.15,2,D5,NTP,A,6900,-1,,A3-NTP.ELU N1,N1 Probe,Unknown,26.5217,0.101,,,,,,
2,10/5/2021,42.05,25.15,2,D6,NTP,A,6900,-1,,A3-NTP.ELU N1,N1 Probe,Unknown,26.3786,0.101,,,,,,
2,10/5/2021,42.05,25.15,2,D7,NTP,B,6900,-3,,B1-NTP.ELU N1,N1 Probe,Unknown,35.1626,1.29,,,,,,
2,10/5/2021,42.05,25.15,2,D8,NTP,B,6900,-3,,B1-NTP.ELU N1,N1 Probe,Unknown,33.3343,1.29,,,,,,
2,10/5/2021,42.05,25.15,2,D9,NTP,B,6500,-3,,B2-NTP.ELU N1,N1 Probe,Unknown,35.1681,1.52,,,,,,
2,10/5/2021,42.05,25.15,2,D10,NTP,B,6500,-3,,B2-NTP.ELU N1,N1 Probe,Unknown,33.0217,1.52,,,,,,
2,10/5/2021,42.05,25.15,2,D11,NTP,B,6600,-3,,B3-NTP.ELU N1,N1 Probe,Unknown,33.691,0.311,,,,,,
2,10/5/2021,42.05,25.15,2,D12,NTP,B,6600,-3,,B3-NTP.ELU N1,N1 Probe,Unknown,34.1302,0.311,,,,,,
2,10/5/2021,42.05,25.15,2,E1,PCR,PCR.CTRL,CTRL,,,NTC N2,N2 Probe,Unknown,Undetermined,,,,,,,
2,10/5/2021,42.05,25.15,2,E3,NTP,NEG.CTRL,1000,,,NEG.CTRL-NTP1000 N2,N2 Probe,Unknown,Undetermined,,,,,,,
2,10/5/2021,42.05,25.15,2,E5,NTP,SD,1000,-4,840,SD-4-NTP1000 N2,N2 Probe,Unknown,27.0077,,,,,,,
2,10/5/2021,42.05,25.15,2,E6,NTP,SD,1000,-3,"8,400",SD-3-NTP1000 N2,N2 Probe,Unknown,23.9853,,,,,,,
2,10/5/2021,42.05,25.15,2,E7,NTP,SD,1000,-2,"84,000",SD-2-NTP1000 N2,N2 Probe,Unknown,20.1354,,,,,,,
2,10/5/2021,42.05,25.15,2,E8,NTP,SD,1000,-1,"840,000",SD-1-NTP1000 N2,N2 Probe,Unknown,18.1142,,,,,,,
2,10/5/2021,42.05,25.15,2,E10,NTP,POS.CTRL,1000,-1,,POS.CTRL-NTP1000 N2,N2 Probe,Unknown,24.4852,,,,,,,
2,10/5/2021,42.05,25.15,2,E12,PCR,PCR.POS,CTRL,,,nCoV PC N2,N2 Probe,Unknown,20.0788,,,,,,,
2,10/5/2021,42.05,25.15,2,F3,NTP,NEG.CTRL,6400,,,NEG.CTRL-NTP.ELU N2,N2 Probe,Unknown,Undetermined,,,,,,,
2,10/5/2021,42.05,25.15,2,F5,NTP,SD,300,-4,840,SD-4-NTP.ELU N2,N2 Probe,Unknown,26.8925,,,,,,,
2,10/5/2021,42.05,25.15,2,F6,NTP,SD,300,-3,"8,400",SD-3-NTP.ELU N2,N2 Probe,Unknown,22.8431,,,,,,,
2,10/5/2021,42.05,25.15,2,F7,NTP,SD,300,-2,"84,000",SD-2-NTP.ELU N2,N2 Probe,Unknown,19.3555,,,,,,,
2,10/5/2021,42.05,25.15,2,F8,NTP,SD,300,-1,"840,000",SD-1-NTP.ELU N2,N2 Probe,Unknown,16.5941,,,,,,,
2,10/5/2021,42.05,25.15,2,F10,NTP,POS.CTRL,6900,-1,,POS.CTRL-NTP.ELU N2,N2 Probe,Unknown,21.7601,,,,,,,
2,10/5/2021,42.05,25.15,2,G1,NTP,A,1000,-1,,A1-NTP1000 N2,N2 Probe,Unknown,33.7564,0.839,,,,,,
2,10/5/2021,42.05,25.15,2,G2,NTP,A,1000,-1,,A1-NTP1000 N2,N2 Probe,Unknown,34.9428,0.839,,,,,,
2,10/5/2021,42.05,25.15,2,G3,NTP,A,1000,-1,,A2-NTP1000 N2,N2 Probe,Unknown,28.2724,0.0804,,,,,,
2,10/5/2021,42.05,25.15,2,G4,NTP,A,1000,-1,,A2-NTP1000 N2,N2 Probe,Unknown,28.1587,0.0804,,,,,,
2,10/5/2021,42.05,25.15,2,G5,NTP,A,1000,-1,,A3-NTP1000 N2,N2 Probe,Unknown,27.9466,0.134,,,,,,
2,10/5/2021,42.05,25.15,2,G6,NTP,A,1000,-1,,A3-NTP1000 N2,N2 Probe,Unknown,27.7574,0.134,,,,,,
2,10/5/2021,42.05,25.15,2,G7,NTP,B,1000,-3,,B1-NTP1000 N2,N2 Probe,Unknown,34.395,0.0604,,,,,,
2,10/5/2021,42.05,25.15,2,G8,NTP,B,1000,-3,,B1-NTP1000 N2,N2 Probe,Unknown,34.4804,0.0604,,,,,,
2,10/5/2021,42.05,25.15,2,G9,NTP,B,1000,-3,,B2-NTP1000 N2,N2 Probe,Unknown,34.1931,0.206,,,,,,
2,10/5/2021,42.05,25.15,2,G10,NTP,B,1000,-3,,B2-NTP1000 N2,N2 Probe,Unknown,33.9018,0.206,,,,,,
2,10/5/2021,42.05,25.15,2,G11,NTP,B,1000,-3,,B3-NTP1000 N2,N2 Probe,Unknown,33.7923,0.796,,,,,,
2,10/5/2021,42.05,25.15,2,G12,NTP,B,1000,-3,,B3-NTP1000 N2,N2 Probe,Unknown,34.9174,0.796,,,,,,
2,10/5/2021,42.05,25.15,2,H1,NTP,A,6700,-1,,A1-NTP.ELU N2,N2 Probe,Unknown,26.5558,0.0379,,,,,,
2,10/5/2021,42.05,25.15,2,H2,NTP,A,6700,-1,,A1-NTP.ELU N2,N2 Probe,Unknown,26.6094,0.0379,,,,,,
2,10/5/2021,42.05,25.15,2,H3,NTP,A,6800,-1,,A2-NTP.ELU N2,N2 Probe,Unknown,26.9954,0.0203,,,,,,
2,10/5/2021,42.05,25.15,2,H4,NTP,A,6800,-1,,A2-NTP.ELU N2,N2 Probe,Unknown,26.9666,0.0203,,,,,,
2,10/5/2021,42.05,25.15,2,H5,NTP,A,6900,-1,,A3-NTP.ELU N2,N2 Probe,Unknown,26.5957,0.234,,,,,,
2,10/5/2021,42.05,25.15,2,H6,NTP,A,6900,-1,,A3-NTP.ELU N2,N2 Probe,Unknown,26.2646,0.234,,,,,,
2,10/5/2021,42.05,25.15,2,H7,NTP,B,6900,-3,,B1-NTP.ELU N2,N2 Probe,Unknown,33.8405,0.707,,,,,,
2,10/5/2021,42.05,25.15,2,H8,NTP,B,6900,-3,,B1-NTP.ELU N2,N2 Probe,Unknown,34.8407,0.707,,,,,,
2,10/5/2021,42.05,25.15,2,H9,NTP,B,6500,-3,,B2-NTP.ELU N2,N2 Probe,Unknown,33.2526,0.548,,,,,,
2,10/5/2021,42.05,25.15,2,H10,NTP,B,6500,-3,,B2-NTP.ELU N2,N2 Probe,Unknown,32.477,0.548,,,,,,
2,10/5/2021,42.05,25.15,2,H11,NTP,B,6600,-3,,B3-NTP.ELU N2,N2 Probe,Unknown,33.2064,0.304,,,,,,
2,10/5/2021,42.05,25.15,2,H12,NTP,B,6600,-3,,B3-NTP.ELU N2,N2 Probe,Unknown,33.6362,0.304,,,,,,
2,10/22/2021,38.7,24.83,1,A1,PCR,PCR.CTRL,CTRL,,,NTC N1,N1 Probe,Unknown,Undetermined,,,,,,,
2,10/22/2021,38.7,24.83,1,A3,CDC,NEG.CTRL,300,,,NEG.CTRL-CDC0300 N1,N1 Probe,Unknown,Undetermined,,,,,,,
2,10/22/2021,38.7,24.83,1,A5,CDC,SD,300,-4,840,SD-4-CDC0300 N1,N1 Probe,Unknown,26.1002,,,,,,,
2,10/22/2021,38.7,24.83,1,A6,CDC,SD,300,-3,"8,400",SD-3-CDC0300 N1,N1 Probe,Unknown,24.2733,,,,,,,
2,10/22/2021,38.7,24.83,1,A7,CDC,SD,300,-2,"84,000",SD-2-CDC0300 N1,N1 Probe,Unknown,20.5731,,,,,,,
2,10/22/2021,38.7,24.83,1,A8,CDC,SD,300,-1,"840,000",SD-1-CDC0300 N1,N1 Probe,Unknown,17.2596,,,,,,,
2,10/22/2021,38.7,24.83,1,A10,CDC,POS.CTRL,300,-1,,POS.CTRL-CDC0300 N1,N1 Probe,Unknown,26.7033,,,,,,,
2,10/22/2021,38.7,24.83,1,A12,PCR,PCR.POS,CTRL,,,nCoV PC N1,N1 Probe,Unknown,18.9843,,,,,,,
2,10/22/2021,38.7,24.83,1,B3,NTP,NEG.CTRL,300,,,NEG.CTRL-NTP0300 N1,N1 Probe,Unknown,Undetermined,,,,,,,
2,10/22/2021,38.7,24.83,1,B5,NTP,SD,300,-4,840,SD-4-NTP0300 N1,N1 Probe,Unknown,25.4324,,,,,,,
2,10/22/2021,38.7,24.83,1,B6,NTP,SD,300,-3,"8,400",SD-3-NTP0300 N1,N1 Probe,Unknown,23.2544,,,,,,,
2,10/22/2021,38.7,24.83,1,B7,NTP,SD,300,-2,"84,000",SD-2-NTP0300 N1,N1 Probe,Unknown,20.1409,,,,,,,
2,10/22/2021,38.7,24.83,1,B10,NTP,POS.CTRL,300,-1,,POS.CTRL-NTP0300 N1,N1 Probe,Unknown,26.0708,,,,,,,
2,10/22/2021,38.7,24.83,1,C1,CDC,A,300,-1,,A1-CDC0300 N1,N1 Probe,Unknown,28.3605,0.122,,,,,,
2,10/22/2021,38.7,24.83,1,C2,CDC,A,300,-1,,A1-CDC0300 N1,N1 Probe,Unknown,28.5337,0.122,,,,,,
2,10/22/2021,38.7,24.83,1,C3,CDC,A,300,-1,,A2-CDC0300 N1,N1 Probe,Unknown,28.2314,0.115,,,,,,
2,10/22/2021,38.7,24.83,1,C4,CDC,A,300,-1,,A2-CDC0300 N1,N1 Probe,Unknown,28.0683,0.115,,,,,,
2,10/22/2021,38.7,24.83,1,C5,CDC,A,300,-1,,A3-CDC0300 N1,N1 Probe,Unknown,28.1609,0.174,,,,,,
2,10/22/2021,38.7,24.83,1,C6,CDC,A,300,-1,,A3-CDC0300 N1,N1 Probe,Unknown,27.9147,0.174,,,,,,
2,10/22/2021,38.7,24.83,1,C7,CDC,B,300,-3,,B1-CDC0300 N1,N1 Probe,Unknown,34.0319,0.507,,,,,,
2,10/22/2021,38.7,24.83,1,C8,CDC,B,300,-3,,B1-CDC0300 N1,N1 Probe,Unknown,34.7483,0.507,,,,,,
2,10/22/2021,38.7,24.83,1,C10,CDC,B,300,-3,,B2-CDC0300 N1,N1 Probe,Unknown,35.7178,1.77,,,,,,
2,10/22/2021,38.7,24.83,1,C11,CDC,B,300,-3,,B2-CDC0300 N1,N1 Probe,Unknown,32.8518,1.77,,,,,,
2,10/22/2021,38.7,24.83,1,C12,CDC,B,300,-3,,B2-CDC0300 N1,N1 Probe,Unknown,32.4745,1.77,,,,,,
2,10/22/2021,38.7,24.83,1,D1,NTP,A,300,-1,,A1-NTP0300 N1,N1 Probe,Unknown,27.0317,0.319,,,,,,
2,10/22/2021,38.7,24.83,1,D2,NTP,A,300,-1,,A1-NTP0300 N1,N1 Probe,Unknown,26.5811,0.319,,,,,,
2,10/22/2021,38.7,24.83,1,D3,NTP,A,300,-1,,A2-NTP0300 N1,N1 Probe,Unknown,26.5827,0.126,,,,,,
2,10/22/2021,38.7,24.83,1,D4,NTP,A,300,-1,,A2-NTP0300 N1,N1 Probe,Unknown,26.761,0.126,,,,,,
2,10/22/2021,38.7,24.83,1,D5,NTP,A,300,-1,,A3-NTP0300 N1,N1 Probe,Unknown,27.3944,0.156,,,,,,
2,10/22/2021,38.7,24.83,1,D6,NTP,A,300,-1,,A3-NTP0300 N1,N1 Probe,Unknown,27.174,0.156,,,,,,
2,10/22/2021,38.7,24.83,1,D7,NTP,B,300,-3,,B1-NTP0300 N1,N1 Probe,Unknown,34.2976,0.818,,,,,,
2,10/22/2021,38.7,24.83,1,D8,NTP,B,300,-3,,B1-NTP0300 N1,N1 Probe,Unknown,33.141,0.818,,,,,,
2,10/22/2021,38.7,24.83,1,D9,NTP,B,300,-3,,B2-NTP0300 N1,N1 Probe,Unknown,33.9985,0.097,,,,,,
2,10/22/2021,38.7,24.83,1,D10,NTP,B,300,-3,,B2-NTP0300 N1,N1 Probe,Unknown,34.1356,0.097,,,,,,
2,10/22/2021,38.7,24.83,1,D11,NTP,B,300,-3,,B3-NTP0300 N1,N1 Probe,Unknown,32.2928,0.237,,,,,,
2,10/22/2021,38.7,24.83,1,D12,NTP,B,300,-3,,B3-NTP0300 N1,N1 Probe,Unknown,32.6281,0.237,,,,,,
2,10/22/2021,38.7,24.83,1,E1,PCR,PCR.CTRL,CTRL,,,NTC N2,N2 Probe,Unknown,Undetermined,,,,,,,
2,10/22/2021,38.7,24.83,1,E3,CDC,NEG.CTRL,300,,,NEG.CTRL-CDC0300 N2,N2 Probe,Unknown,Undetermined,,,,,,,
2,10/22/2021,38.7,24.83,1,E5,CDC,SD,300,-4,840,SD-4-CDC0300 N2,N2 Probe,Unknown,26.5018,,,,,,,
2,10/22/2021,38.7,24.83,1,E6,CDC,SD,300,-3,"8,400",SD-3-CDC0300 N2,N2 Probe,Unknown,24.2428,,,,,,,
2,10/22/2021,38.7,24.83,1,E7,CDC,SD,300,-2,"84,000",SD-2-CDC0300 N2,N2 Probe,Unknown,20.4853,,,,,,,
2,10/22/2021,38.7,24.83,1,E8,CDC,SD,300,-1,"840,000",SD-1-CDC0300 N2,N2 Probe,Unknown,17.2884,,,,,,,
2,10/22/2021,38.7,24.83,1,E10,CDC,POS.CTRL,300,-1,,POS.CTRL-CDC0300 N2,N2 Probe,Unknown,26.2904,,,,,,,
2,10/22/2021,38.7,24.83,1,E12,PCR,PCR.POS,CTRL,,,nCoV PC N2,N2 Probe,Unknown,19.4814,,,,,,,
2,10/22/2021,38.7,24.83,1,F3,NTP,NEG.CTRL,300,,,NEG.CTRL-NTP0300 N2,N2 Probe,Unknown,Undetermined,,,,,,,
2,10/22/2021,38.7,24.83,1,F5,NTP,SD,300,-4,840,SD-4-NTP0300 N2,N2 Probe,Unknown,25.601,,,,,,,
2,10/22/2021,38.7,24.83,1,F6,NTP,SD,300,-3,"8,400",SD-3-NTP0300 N2,N2 Probe,Unknown,23.2017,,,,,,,
2,10/22/2021,38.7,24.83,1,F7,NTP,SD,300,-2,"84,000",SD-2-NTP0300 N2,N2 Probe,Unknown,20.2505,,,,,,,
2,10/22/2021,38.7,24.83,1,F8,NTP,SD,300,-1,"840,000",SD-1-NTP0300 N2,N2 Probe,Unknown,20.3025,,,,,,,
2,10/22/2021,38.7,24.83,1,F10,NTP,POS.CTRL,300,-1,,POS.CTRL-NTP0300 N2,N2 Probe,Unknown,26.9845,,,,,,,
2,10/22/2021,38.7,24.83,1,G1,CDC,A,300,-1,,A1-CDC0300 N2,N2 Probe,Unknown,28.8198,0.00236,,,,,,
2,10/22/2021,38.7,24.83,1,G2,CDC,A,300,-1,,A1-CDC0300 N2,N2 Probe,Unknown,28.8165,0.00236,,,,,,
2,10/22/2021,38.7,24.83,1,G3,CDC,A,300,-1,,A2-CDC0300 N2,N2 Probe,Unknown,28.3714,0.108,,,,,,
2,10/22/2021,38.7,24.83,1,G4,CDC,A,300,-1,,A2-CDC0300 N2,N2 Probe,Unknown,28.219,0.108,,,,,,
2,10/22/2021,38.7,24.83,1,G5,CDC,A,300,-1,,A3-CDC0300 N2,N2 Probe,Unknown,28.3421,0.101,,,,,,
2,10/22/2021,38.7,24.83,1,G6,CDC,A,300,-1,,A3-CDC0300 N2,N2 Probe,Unknown,28.1993,0.101,,,,,,
2,10/22/2021,38.7,24.83,1,G7,CDC,B,300,-3,,B1-CDC0300 N2,N2 Probe,Unknown,36.7604,2.18,,,,,,
2,10/22/2021,38.7,24.83,1,G8,CDC,B,300,-3,,B1-CDC0300 N2,N2 Probe,Unknown,33.6825,2.18,,,,,,
2,10/22/2021,38.7,24.83,1,G9,CDC,B,300,-3,,B2-CDC0300 N2,N2 Probe,Unknown,34.7261,0.201,,,,,,
2,10/22/2021,38.7,24.83,1,G10,CDC,B,300,-3,,B2-CDC0300 N2,N2 Probe,Unknown,35.011,0.201,,,,,,
2,10/22/2021,38.7,24.83,1,G11,CDC,B,300,-3,,B3-CDC0300 N2,N2 Probe,Unknown,34.9857,1.81,,,,,,
2,10/22/2021,38.7,24.83,1,G12,CDC,B,300,-3,,B3-CDC0300 N2,N2 Probe,Unknown,32.4292,1.81,,,,,,
2,10/22/2021,38.7,24.83,1,H1,NTP,A,300,-1,,A1-NTP0300 N2,N2 Probe,Unknown,27.2357,0.308,,,,,,
2,10/22/2021,38.7,24.83,1,H2,NTP,A,300,-1,,A1-NTP0300 N2,N2 Probe,Unknown,27.6709,0.308,,,,,,
2,10/22/2021,38.7,24.83,1,H3,NTP,A,300,-1,,A2-NTP0300 N2,N2 Probe,Unknown,24.4491,1.99,,,,,,
2,10/22/2021,38.7,24.83,1,H4,NTP,A,300,-1,,A2-NTP0300 N2,N2 Probe,Unknown,27.2572,1.99,,,,,,
2,10/22/2021,38.7,24.83,1,H5,NTP,A,300,-1,,A3-NTP0300 N2,N2 Probe,Unknown,27.4214,0.174,,,,,,
2,10/22/2021,38.7,24.83,1,H6,NTP,A,300,-1,,A3-NTP0300 N2,N2 Probe,Unknown,27.1748,0.174,,,,,,
2,10/22/2021,38.7,24.83,1,H7,NTP,B,300,-3,,B1-NTP0300 N2,N2 Probe,Unknown,35.204,1.41,,,,,,
2,10/22/2021,38.7,24.83,1,H8,NTP,B,300,-3,,B1-NTP0300 N2,N2 Probe,Unknown,33.2031,1.41,,,,,,
2,10/22/2021,38.7,24.83,1,H9,NTP,B,300,-3,,B2-NTP0300 N2,N2 Probe,Unknown,33.476,0.382,,,,,,
2,10/22/2021,38.7,24.83,1,H10,NTP,B,300,-3,,B2-NTP0300 N2,N2 Probe,Unknown,32.9352,0.382,,,,,,
2,10/22/2021,38.7,24.83,1,H11,NTP,B,300,-3,,B3-NTP0300 N2,N2 Probe,Unknown,33.0905,0.935,,,,,,
2,10/22/2021,38.7,24.83,1,H12,NTP,B,300,-3,,B3-NTP0300 N2,N2 Probe,Unknown,34.413,0.935,,,,,,
2,10/22/2021,38.7,24.83,2,A1,PCR,PCR.CTRL,CTRL,,,NTC N1,N1 Probe,Unknown,Undetermined,,,,,,,
2,10/22/2021,38.7,24.83,2,A3,NTP,NEG.CTRL,1000,,,NEG.CTRL-NTP1000 N1,N1 Probe,Unknown,Undetermined,,,,,,,
2,10/22/2021,38.7,24.83,2,A5,CDC,SD,300,-4,840,SD-4-CDC0300 N1,N1 Probe,Unknown,26.023,,,,,,,
2,10/22/2021,38.7,24.83,2,A6,CDC,SD,300,-3,"8,400",SD-3-CDC0300  N1,N1 Probe,Unknown,23.8438,,,,,,,
2,10/22/2021,38.7,24.83,2,A7,CDC,SD,300,-2,"84,000",SD-2-CDC0300 N1,N1 Probe,Unknown,20.4079,,,,,,,
2,10/22/2021,38.7,24.83,2,A8,CDC,SD,300,-1,"840,000",SD-1-CDC0300 N1,N1 Probe,Unknown,17.1866,,,,,,,
2,10/22/2021,38.7,24.83,2,A10,NTP,POS.CTRL,1000,-1,,POS.CTRL-NTP1000 N1,N1 Probe,Unknown,24.0783,,,,,,,
2,10/22/2021,38.7,24.83,2,A12,PCR,PCR.POS,CTRL,,,nCoV PC N1,N1 Probe,Unknown,18.7703,,,,,,,
2,10/22/2021,38.7,24.83,2,B3,NTP,NEG.CTRL,6700,,,NEG.CTRL-NTP.ELU N1,N1 Probe,Unknown,Undetermined,,,,,,,
2,10/22/2021,38.7,24.83,2,B5,NTP,SD,300,-4,840,SD-4-NTP0300 N1,N1 Probe,Unknown,25.2612,,,,,,,
2,10/22/2021,38.7,24.83,2,B6,NTP,SD,300,-3,"8,400",SD-3-NTP0300 N1,N1 Probe,Unknown,23.0722,,,,,,,
2,10/22/2021,38.7,24.83,2,B7,NTP,SD,300,-2,"84,000",SD-2-NTP0300 N1,N1 Probe,Unknown,20.1206,,,,,,,
2,10/22/2021,38.7,24.83,2,B8,NTP,SD,300,-1,"840,000",SD-1-NTP0300 N1,N1 Probe,Unknown,17.3248,,,,,,,
2,10/22/2021,38.7,24.83,2,B10,NTP,POS.CTRL,6900,-1,,POS.CTRL-NTP.ELU N1,N1 Probe,Unknown,21.8616,,,,,,,
2,10/22/2021,38.7,24.83,2,C1,NTP,A,1000,-1,,A1-NTP1000 N1,N1 Probe,Unknown,24.6975,0.308,,,,,,
2,10/22/2021,38.7,24.83,2,C2,NTP,A,1000,-1,,A1-NTP1000 N1,N1 Probe,Unknown,25.1332,0.308,,,,,,
2,10/22/2021,38.7,24.83,2,C3,NTP,A,1000,-1,,A2-NTP1000 N1,N1 Probe,Unknown,24.8043,0.174,,,,,,
2,10/22/2021,38.7,24.83,2,C4,NTP,A,1000,-1,,A2-NTP1000 N1,N1 Probe,Unknown,25.0497,0.174,,,,,,
2,10/22/2021,38.7,24.83,2,C5,NTP,A,1000,-1,,A3-NTP1000 N1,N1 Probe,Unknown,25.4599,0.198,,,,,,
2,10/22/2021,38.7,24.83,2,C6,NTP,A,1000,-1,,A3-NTP1000 N1,N1 Probe,Unknown,25.1805,0.198,,,,,,
2,10/22/2021,38.7,24.83,2,C7,NTP,B,1000,-3,,B1-NTP1000 N1,N1 Probe,Unknown,32.3683,0.572,,,,,,
2,10/22/2021,38.7,24.83,2,C8,NTP,B,1000,-3,,B1-NTP1000 N1,N1 Probe,Unknown,31.5596,0.572,,,,,,
2,10/22/2021,38.7,24.83,2,C9,NTP,B,1000,-3,,B2-NTP1000 N1,N1 Probe,Unknown,32.2381,0.498,,,,,,
2,10/22/2021,38.7,24.83,2,C10,NTP,B,1000,-3,,B2-NTP1000 N1,N1 Probe,Unknown,31.5344,0.498,,,,,,
2,10/22/2021,38.7,24.83,2,C11,NTP,B,1000,-3,,B3-NTP1000 N1,N1 Probe,Unknown,30.2278,1.12,,,,,,
2,10/22/2021,38.7,24.83,2,C12,NTP,B,1000,-3,,B3-NTP1000 N1,N1 Probe,Unknown,31.8116,1.12,,,,,,
2,10/22/2021,38.7,24.83,2,D1,NTP,A,6900,-1,,A1-NTP.ELU N1,N1 Probe,Unknown,24.1144,0.178,,,,,,
2,10/22/2021,38.7,24.83,2,D2,NTP,A,6900,-1,,A1-NTP.ELU N1,N1 Probe,Unknown,24.3664,0.178,,,,,,
2,10/22/2021,38.7,24.83,2,D3,NTP,A,7000,-1,,A2-NTP.ELU N1,N1 Probe,Unknown,24.037,0.153,,,,,,
2,10/22/2021,38.7,24.83,2,D4,NTP,A,7000,-1,,A2-NTP.ELU N1,N1 Probe,Unknown,24.2529,0.153,,,,,,
2,10/22/2021,38.7,24.83,2,D5,NTP,A,6900,-1,,A3-NTP.ELU N1,N1 Probe,Unknown,24.8465,0.414,,,,,,
2,10/22/2021,38.7,24.83,2,D6,NTP,A,6900,-1,,A3-NTP.ELU N1,N1 Probe,Unknown,24.2612,0.414,,,,,,
2,10/22/2021,38.7,24.83,2,D7,NTP,B,6800,-3,,B1-NTP.ELU N1,N1 Probe,Unknown,30.5948,0.323,,,,,,
2,10/22/2021,38.7,24.83,2,D8,NTP,B,6800,-3,,B1-NTP.ELU N1,N1 Probe,Unknown,31.0521,0.323,,,,,,
2,10/22/2021,38.7,24.83,2,D9,NTP,B,6900,-3,,B2-NTP.ELU N1,N1 Probe,Unknown,30.6421,0.294,,,,,,
2,10/22/2021,38.7,24.83,2,D10,NTP,B,6900,-3,,B2-NTP.ELU N1,N1 Probe,Unknown,31.058,0.294,,,,,,
2,10/22/2021,38.7,24.83,2,D11,NTP,B,6900,-3,,B3-NTP.ELU N1,N1 Probe,Unknown,31.6049,1,,,,,,
2,10/22/2021,38.7,24.83,2,D12,NTP,B,6900,-3,,B3-NTP.ELU N1,N1 Probe,Unknown,30.1857,1,,,,,,
2,10/22/2021,38.7,24.83,2,E1,PCR,PCR.CTRL,CTRL,,,NTC N2,N2 Probe,Unknown,Undetermined,,,,,,,
2,10/22/2021,38.7,24.83,2,E3,NTP,NEG.CTRL,1000,,,NEG.CTRL-NTP1000 N2,N2 Probe,Unknown,Undetermined,,,,,,,
2,10/22/2021,38.7,24.83,2,E5,CDC,SD,300,-4,840,SD-4-CDC0300 N2,N2 Probe,Unknown,26.8268,,,,,,,
2,10/22/2021,38.7,24.83,2,E6,CDC,SD,300,-3,"8,400",SD-3-CDC0300 N2,N2 Probe,Unknown,24.2708,,,,,,,
2,10/22/2021,38.7,24.83,2,E7,CDC,SD,300,-2,"84,000",SD-2-CDC0300 N2,N2 Probe,Unknown,20.6434,,,,,,,
2,10/22/2021,38.7,24.83,2,E8,CDC,SD,300,-1,"840,000",SD-1-CDC0300 N2,N2 Probe,Unknown,17.369,,,,,,,
2,10/22/2021,38.7,24.83,2,E10,NTP,POS.CTRL,1000,-1,,POS.CTRL-NTP1000 N2,N2 Probe,Unknown,25.2353,,,,,,,
2,10/22/2021,38.7,24.83,2,E12,PCR,PCR.POS,CTRL,,,nCoV PC N2,N2 Probe,Unknown,19.5679,,,,,,,
2,10/22/2021,38.7,24.83,2,F3,NTP,NEG.CTRL,6700,,,NEG.CTRL-NTP.ELU N2,N2 Probe,Unknown,Undetermined,,,,,,,
2,10/22/2021,38.7,24.83,2,F5,NTP,SD,300,-4,840,SD-4-NTP0300 N2,N2 Probe,Unknown,25.6113,,,,,,,
2,10/22/2021,38.7,24.83,2,F6,NTP,SD,300,-3,"8,400",SD-3-NTP0300 N2,N2 Probe,Unknown,23.2631,,,,,,,
2,10/22/2021,38.7,24.83,2,F7,NTP,SD,300,-2,"84,000",SD-2-NTP0300 N2,N2 Probe,Unknown,20.3054,,,,,,,
2,10/22/2021,38.7,24.83,2,F8,NTP,SD,300,-1,"840,000",SD-1-NTP0300 N2,N2 Probe,Unknown,17.5696,,,,,,,
2,10/22/2021,38.7,24.83,2,F10,NTP,POS.CTRL,6900,-1,,POS.CTRL-NTP.ELU N2,N2 Probe,Unknown,22.4346,,,,,,,
2,10/22/2021,38.7,24.83,2,G1,NTP,A,1000,-1,,A1-NTP1000 N2,N2 Probe,Unknown,25.0647,0.0837,,,,,,
2,10/22/2021,38.7,24.83,2,G2,NTP,A,1000,-1,,A1-NTP1000 N2,N2 Probe,Unknown,25.1831,0.0837,,,,,,
2,10/22/2021,38.7,24.83,2,G3,NTP,A,1000,-1,,A2-NTP1000 N2,N2 Probe,Unknown,26.0055,0.338,,,,,,
2,10/22/2021,38.7,24.83,2,G4,NTP,A,1000,-1,,A2-NTP1000 N2,N2 Probe,Unknown,25.5272,0.338,,,,,,
2,10/22/2021,38.7,24.83,2,G5,NTP,A,1000,-1,,A3-NTP1000 N2,N2 Probe,Unknown,26.2113,0.0199,,,,,,
2,10/22/2021,38.7,24.83,2,G6,NTP,A,1000,-1,,A3-NTP1000 N2,N2 Probe,Unknown,26.1832,0.0199,,,,,,
2,10/22/2021,38.7,24.83,2,G7,NTP,B,1000,-3,,B1-NTP1000 N2,N2 Probe,Unknown,32.5969,0.851,,,,,,
2,10/22/2021,38.7,24.83,2,G8,NTP,B,1000,-3,,B1-NTP1000 N2,N2 Probe,Unknown,33.8005,0.851,,,,,,
2,10/22/2021,38.7,24.83,2,G9,NTP,B,1000,-3,,B2-NTP1000 N2,N2 Probe,Unknown,32.5831,0.18,,,,,,
2,10/22/2021,38.7,24.83,2,G10,NTP,B,1000,-3,,B2-NTP1000 N2,N2 Probe,Unknown,32.3287,0.18,,,,,,
2,10/22/2021,38.7,24.83,2,G11,NTP,B,1000,-3,,B3-NTP1000 N2,N2 Probe,Unknown,32.589,0.27,,,,,,
2,10/22/2021,38.7,24.83,2,G12,NTP,B,1000,-3,,B3-NTP1000 N2,N2 Probe,Unknown,32.2073,0.27,,,,,,
2,10/22/2021,38.7,24.83,2,H1,NTP,A,6900,-1,,A1-NTP.ELU N2,N2 Probe,Unknown,24.7107,0.061,,,,,,
2,10/22/2021,38.7,24.83,2,H2,NTP,A,6900,-1,,A1-NTP.ELU N2,N2 Probe,Unknown,24.6244,0.061,,,,,,
2,10/22/2021,38.7,24.83,2,H3,NTP,A,7000,-1,,A2-NTP.ELU N2,N2 Probe,Unknown,24.3536,0.0924,,,,,,
2,10/22/2021,38.7,24.83,2,H4,NTP,A,7000,-1,,A2-NTP.ELU N2,N2 Probe,Unknown,24.4842,0.0924,,,,,,
2,10/22/2021,38.7,24.83,2,H5,NTP,A,6900,-1,,A3-NTP.ELU N2,N2 Probe,Unknown,24.9624,0.117,,,,,,
2,10/22/2021,38.7,24.83,2,H6,NTP,A,6900,-1,,A3-NTP.ELU N2,N2 Probe,Unknown,24.7972,0.117,,,,,,
2,10/22/2021,38.7,24.83,2,H7,NTP,B,6800,-3,,B1-NTP.ELU N2,N2 Probe,Unknown,30.6796,0.0529,,,,,,
2,10/22/2021,38.7,24.83,2,H8,NTP,B,6800,-3,,B1-NTP.ELU N2,N2 Probe,Unknown,30.6049,0.0529,,,,,,
2,10/22/2021,38.7,24.83,2,H9,NTP,B,6900,-3,,B2-NTP.ELU N2,N2 Probe,Unknown,31.3706,0.583,,,,,,
2,10/22/2021,38.7,24.83,2,H10,NTP,B,6900,-3,,B2-NTP.ELU N2,N2 Probe,Unknown,30.5454,0.583,,,,,,
2,10/22/2021,38.7,24.83,2,H11,NTP,B,6900,-3,,B3-NTP.ELU N2,N2 Probe,Unknown,30.6752,0.135,,,,,,
2,10/22/2021,38.7,24.83,2,H12,NTP,B,6900,-3,,B3-NTP.ELU N2,N2 Probe,Unknown,30.4841,0.135,,,,,,
1,2021.05.12,,,,,CDC,,120,-2,22,CDC 120 I,N1 Probe,,32.42782593,,,,,,,
1,2021.05.12,,,,,CDC,,120,-2,22,CDC 120 I,N1 Probe,,31.51000595,,,,,,,
1,2021.05.12,,,,,CDC,,120,-3,2,CDC 120 II,N1 Probe,,34.5826683,,,,,,,
1,2021.05.12,,,,,CDC,,120,-3,2,CDC 120 II,N1 Probe,,35.53193665,,,,,,,
1,2021.05.12,,,,,CDC,,120,-4,0.224,CDC 120 III,N1 Probe,,Undetermined,,,,,,,
1,2021.05.12,,,,,CDC,,120,-4,0.224,CDC 120 III,N1 Probe,,37.18429947,,,,,,,
1,2021.05.12,,,,,CDC,,120,-2,22,CDC 120 I,N2 Probe,,32.63943481,,,,,,,
1,2021.05.12,,,,,CDC,,120,-2,22,CDC 120 I,N2 Probe,,32.52295303,,,,,,,
1,2021.05.12,,,,,CDC,,120,-3,2,CDC 120 II,N2 Probe,,36.62466431,,,,,,,
1,2021.05.12,,,,,CDC,,120,-3,2,CDC 120 II,N2 Probe,,37.84005737,,,,,,,
1,2021.05.12,,,,,CDC,,120,-4,0.224,CDC 120 III,N2 Probe,,38.40864182,,,,,,,
1,2021.05.12,,,,,CDC,,120,-4,0.224,CDC 120 III,N2 Probe,,Undetermined,,,,,,,
1,2021.05.12,,,,,CDC,,300,-2,56,CDC 300 I,N1 Probe,,30.08295822,,,,,,,
1,2021.05.12,,,,,CDC,,300,-2,56,CDC 300 I,N1 Probe,,30.47243309,,,,,,,
1,2021.05.12,,,,,CDC,,300,-3,6,CDC 300 II,N1 Probe,,33.31937408,,,,,,,
1,2021.05.12,,,,,CDC,,300,-3,6,CDC 300 II,N1 Probe,,34.14144135,,,,,,,
1,2021.05.12,,,,,CDC,,300,-4,1,CDC 300 III,N1 Probe,,Undetermined,,,,,,,
1,2021.05.12,,,,,CDC,,300,-4,1,CDC 300 III,N1 Probe,,35.30355072,,,,,,,
1,2021.05.12,,,,,CDC,,300,-2,56,CDC 300 I,N2 Probe,,31.49065208,,,,,,,
1,2021.05.12,,,,,CDC,,300,-2,56,CDC 300 I,N2 Probe,,31.27673531,,,,,,,
1,2021.05.12,,,,,CDC,,300,-3,6,CDC 300 II,N2 Probe,,34.82473755,,,,,,,
1,2021.05.12,,,,,CDC,,300,-3,6,CDC 300 II,N2 Probe,,34.57576752,,,,,,,
1,2021.05.12,,,,,CDC,,300,-4,1,CDC 300 III,N2 Probe,,Undetermined,,,,,,,
1,2021.05.12,,,,,CDC,,300,-4,1,CDC 300 III,N2 Probe,,37.82928085,,,,,,,
1,2021.05.12,,,,,NTP,,300,-2,56,CERES 300 I,N1 Probe,,29.77293968,,,,,,,
1,2021.05.12,,,,,NTP,,300,-2,56,CERES 300 I,N1 Probe,,29.61969185,,,,,,,
1,2021.05.12,,,,,NTP,,300,-3,6,CERES 300 II,N1 Probe,,33.54739761,,,,,,,
1,2021.05.12,,,,,NTP,,300,-3,6,CERES 300 II,N1 Probe,,33.89411926,,,,,,,
1,2021.05.12,,,,,NTP,,300,-4,1,CERES 300  III,N1 Probe,,Undetermined,,,,,,,
1,2021.05.12,,,,,NTP,,300,-4,1,CERES 300  III,N1 Probe,,Undetermined,,,,,,,
1,2021.05.12,,,,,NTP,,300,-2,56,CERES 300 I,N2 Probe,,31.2905159,,,,,,,
1,2021.05.12,,,,,NTP,,300,-2,56,CERES 300 I,N2 Probe,,31.0161171,,,,,,,
1,2021.05.12,,,,,NTP,,300,-3,6,CERES 300 II,N2 Probe,,34.30596161,,,,,,,
1,2021.05.12,,,,,NTP,,300,-3,6,CERES 300 II,N2 Probe,,33.78636551,,,,,,,
1,2021.05.12,,,,,NTP,,300,-4,1,CERES 300  III,N2 Probe,,37.09306335,,,,,,,
1,2021.05.12,,,,,NTP,,300,-4,1,CERES 300  III,N2 Probe,,38.29737473,,,,,,,
1,2021.05.12,,,,,NTP,,1000,-2,187,CERES 1000 I,N1 Probe,,Undetermined,,,,,,,
1,2021.05.12,,,,,NTP,,1000,-2,187,CERES 1000 I,N1 Probe,,Undetermined,,,,,,,
1,2021.05.12,,,,,NTP,,1000,-3,19,CERES 1000 II,N1 Probe,,Undetermined,,,,,,,
1,2021.05.12,,,,,NTP,,1000,-3,19,CERES 1000 II,N1 Probe,,Undetermined,,,,,,,
1,2021.05.12,,,,,NTP,,1000,-4,2,CERES 1000 III,N1 Probe,,Undetermined,,,,,,,
1,2021.05.12,,,,,NTP,,1000,-4,2,CERES 1000 III,N1 Probe,,Undetermined,,,,,,,
1,2021.05.12,,,,,NTP,,1000,-2,187,CERES 1000 I,N2 Probe,,Undetermined,,,,,,,
1,2021.05.12,,,,,NTP,,1000,-2,187,CERES 1000 I,N2 Probe,,Undetermined,,,,,,,
1,2021.05.12,,,,,NTP,,1000,-3,19,CERES 1000 II,N2 Probe,,Undetermined,,,,,,,
1,2021.05.12,,,,,NTP,,1000,-3,19,CERES 1000 II,N2 Probe,,Undetermined,,,,,,,
1,2021.05.12,,,,,NTP,,1000,-4,2,CERES 1000 III,N2 Probe,,Undetermined,,,,,,,
1,2021.05.12,,,,,NTP,,1000,-4,2,CERES 1000 III,N2 Probe,,Undetermined,,,,,,,
1,2021.05.11,,,,,NTP,,5780,-2,1453,CERES Remains I,N1 Probe,,26.31789589,,,,,,,
1,2021.05.11,,,,,NTP,,5780,-2,1453,CERES Remains I,N1 Probe,,26.58413124,,,,,,,
1,2021.05.11,,,,,NTP,,5780,-2,1453,CERES Remains I,N2 Probe,,29.4381218,,,,,,,
1,2021.05.11,,,,,NTP,,5780,-2,1453,CERES Remains I,N2 Probe,,29.5466156,,,,,,,
1,2021.05.12,,,,,NTP,,5980,-2,1453,CERES BR I,N1 Probe,,26.83522606,,,,,,,
1,2021.05.12,,,,,NTP,,5980,-2,1453,CERES BR I,N1 Probe,,26.52506256,,,,,,,
1,2021.05.12,,,,,NTP,,5980,-2,1453,CERES BR I,N2 Probe,,28.15425301,,,,,,,
1,2021.05.12,,,,,NTP,,5980,-2,1453,CERES BR I,N2 Probe,,28.24917221,,,,,,,
1,2021.05.13,,,,,NTP,,5980,-2,1453,CERES BR I,N1 Probe,,27.77604866,,,,,,,
1,2021.05.13,,,,,NTP,,5980,-2,1453,CERES BR I,N1 Probe,,28.24354553,,,,,,,
1,2021.05.13,,,,,NTP,,5980,-2,1453,CERES BR I,N2 Probe,,30.077631,,,,,,,
1,2021.05.13,,,,,NTP,,5980,-2,1453,CERES BR I,N2 Probe,,29.97088623,,,,,,,
1,2021.05.12,,,,,CDC,SD,120,-5,84,CDC -5,N1 Probe,,30.96260452,,,,,,,
1,2021.05.12,,,,,CDC,SD,120,-4,840,CDC -4,N1 Probe,,28.94448853,,,,,,,
1,2021.05.12,,,,,CDC,SD,120,-3,8400,CDC -3,N1 Probe,,25.67152214,,,,,,,
1,2021.05.12,,,,,CDC,SD,120,-2,84000,CDC -2,N1 Probe,,23.05643845,,,,,,,
1,2021.05.12,,,,,CDC,SD,120,-5,84,CDC -5,N2 Probe,,32.24968338,,,,,,,
1,2021.05.12,,,,,CDC,SD,120,-4,840,CDC -4,N2 Probe,,29.41292953,,,,,,,
1,2021.05.12,,,,,CDC,SD,120,-3,8400,CDC -3,N2 Probe,,26.13541412,,,,,,,
1,2021.05.12,,,,,CDC,SD,120,-2,84000,CDC -2,N2 Probe,,21.84998322,,,,,,,
1,2021.05.12,,,,,NTP,SD,500,-5,84,CERES -5,N1 Probe,,29.81818008,,,,,,,
1,2021.05.12,,,,,NTP,SD,500,-4,840,CERES -4,N1 Probe,,26.51140785,,,,,,,
1,2021.05.12,,,,,NTP,SD,500,-3,8400,CERES -3,N1 Probe,,23.6632843,,,,,,,
1,2021.05.12,,,,,NTP,SD,500,-2,84000,CERES -2,N1 Probe,,20.12516022,,,,,,,
1,2021.05.12,,,,,NTP,SD,500,-5,84,CERES -5,N2 Probe,,30.85775757,,,,,,,
1,2021.05.12,,,,,NTP,SD,500,-4,840,CERES -4,N2 Probe,,27.21987152,,,,,,,
1,2021.05.12,,,,,NTP,SD,500,-3,8400,CERES -3,N2 Probe,,24.83716393,,,,,,,
1,2021.05.12,,,,,NTP,SD,500,-2,84000,CERES -2,N2 Probe,,21.45642853,,,,,,,
1,2021.05.11,,,,,CDC,,120,-2,22,CDC 120 I,N1 Probe,,31.77103233,,,,,,,
1,2021.05.11,,,,,CDC,,120,-2,22,CDC 120 I,N1 Probe,,31.27445602,,,,,,,
1,2021.05.11,,,,,CDC,,120,-3,2,CDC 120 II,N1 Probe,,36.72644043,,,,,,,
1,2021.05.11,,,,,CDC,,120,-3,2,CDC 120 II,N1 Probe,,34.09231949,,,,,,,
1,2021.05.11,,,,,CDC,,120,-4,0.224,CDC 120 III,N1 Probe,,Undetermined,,,,,,,
1,2021.05.11,,,,,CDC,,120,-4,0.224,CDC 120 III,N1 Probe,,35.39586258,,,,,,,
1,2021.05.11,,,,,CDC,,120,-2,22,CDC 120 I,N2 Probe,,33.42906189,,,,,,,
1,2021.05.11,,,,,CDC,,120,-2,22,CDC 120 I,N2 Probe,,33.75396347,,,,,,,
1,2021.05.11,,,,,CDC,,120,-3,2,CDC 120 II,N2 Probe,,37.99147415,,,,,,,
1,2021.05.11,,,,,CDC,,120,-3,2,CDC 120 II,N2 Probe,,36.08584976,,,,,,,
1,2021.05.11,,,,,CDC,,120,-4,0.224,CDC 120 III,N2 Probe,,Undetermined,,,,,,,
1,2021.05.11,,,,,CDC,,120,-4,0.224,CDC 120 III,N2 Probe,,39.80282211,,,,,,,
1,2021.05.11,,,,,CDC,,300,-2,56,CDC 300 I,N1 Probe,,30.19894791,,,,,,,
1,2021.05.11,,,,,CDC,,300,-2,56,CDC 300 I,N1 Probe,,30.20575905,,,,,,,
1,2021.05.11,,,,,CDC,,300,-3,6,CDC 300 II,N1 Probe,,34.77547836,,,,,,,
1,2021.05.11,,,,,CDC,,300,-3,6,CDC 300 II,N1 Probe,,33.31070328,,,,,,,
1,2021.05.11,,,,,CDC,,300,-4,1,CDC 300 III,N1 Probe,,Undetermined,,,,,,,
1,2021.05.11,,,,,CDC,,300,-4,1,CDC 300 III,N1 Probe,,35.84973907,,,,,,,
1,2021.05.11,,,,,CDC,,300,-2,56,CDC 300 I,N2 Probe,,32.24763489,,,,,,,
1,2021.05.11,,,,,CDC,,300,-2,56,CDC 300 I,N2 Probe,,32.45507813,,,,,,,
1,2021.05.11,,,,,CDC,,300,-3,6,CDC 300 II,N2 Probe,,34.96461105,,,,,,,
1,2021.05.11,,,,,CDC,,300,-3,6,CDC 300 II,N2 Probe,,34.76771164,,,,,,,
1,2021.05.11,,,,,CDC,,300,-4,1,CDC 300 III,N2 Probe,,Undetermined,,,,,,,
1,2021.05.11,,,,,CDC,,300,-4,1,CDC 300 III,N2 Probe,,Undetermined,,,,,,,
1,2021.05.11,,,,,NTP,,300,-3,6,CERES 300 II,N1 Probe,,Undetermined,,,,,,,
1,2021.05.11,,,,,NTP,,300,-3,6,CERES 300 II,N1 Probe,,Undetermined,,,,,,,
1,2021.05.11,,,,,NTP,,300,-3,6,CERES 300 II,N1 Probe,,32.4797554,,,,,,,
1,2021.05.11,,,,,NTP,,300,-3,6,CERES 300 II,N1 Probe,,32.54735565,,,,,,,
1,2021.05.11,,,,,NTP,,300,-2,56,CERES 300  I,N1 Probe,,29.40282249,,,,,,,
1,2021.05.11,,,,,NTP,,300,-2,56,CERES 300  I,N1 Probe,,29.31909752,,,,,,,
1,2021.05.11,,,,,NTP,,300,-2,56,CERES 300 I,N2 Probe,,32.49004745,,,,,,,
1,2021.05.11,,,,,NTP,,300,-2,56,CERES 300 I,N2 Probe,,32.52916718,,,,,,,
1,2021.05.11,,,,,NTP,,300,-3,6,CERES 300 II,N2 Probe,,35.52204132,,,,,,,
1,2021.05.11,,,,,NTP,,300,-3,6,CERES 300 II,N2 Probe,,36.37923813,,,,,,,
1,2021.05.11,,,,,NTP,,300,-4,1,CERES 300  III,N2 Probe,,39.58123016,,,,,,,
1,2021.05.11,,,,,NTP,,300,-4,1,CERES 300  III,N2 Probe,,Undetermined,,,,,,,
1,2021.05.11,,,,,NTP,,1000,-2,187,CERES 1000 I,N1 Probe,,Undetermined,,,,,,,
1,2021.05.11,,,,,NTP,,1000,-2,187,CERES 1000 I,N1 Probe,,Undetermined,,,,,,,
1,2021.05.11,,,,,NTP,,1000,-3,19,CERES 1000 II,N1 Probe,,Undetermined,,,,,,,
1,2021.05.11,,,,,NTP,,1000,-3,19,CERES 1000 II,N1 Probe,,Undetermined,,,,,,,
1,2021.05.11,,,,,NTP,,1000,-4,2,CERES 1000 III,N1 Probe,,Undetermined,,,,,,,
1,2021.05.11,,,,,NTP,,1000,-4,2,CERES 1000 III,N1 Probe,,Undetermined,,,,,,,
1,2021.05.11,,,,,NTP,,1000,-2,187,CERES 1000 I,N2 Probe,,Undetermined,,,,,,,
1,2021.05.11,,,,,NTP,,1000,-2,187,CERES 1000 I,N2 Probe,,Undetermined,,,,,,,
1,2021.05.11,,,,,NTP,,1000,-3,19,CERES 1000 II,N2 Probe,,Undetermined,,,,,,,
1,2021.05.11,,,,,NTP,,1000,-3,19,CERES 1000 II,N2 Probe,,Undetermined,,,,,,,
1,2021.05.11,,,,,NTP,,1000,-4,2,CERES 1000 III,N2 Probe,,Undetermined,,,,,,,
1,2021.05.11,,,,,NTP,,1000,-4,2,CERES 1000 III,N2 Probe,,Undetermined,,,,,,,
1,2021.05.18,,,,,NTP,,6180,-2,1453,CERES BR I,N1 Probe,,27.03982925,,,,,,,
1,2021.05.18,,,,,NTP,,6180,-2,1453,CERES BR I,N1 Probe,,27.00704956,,,,,,,
1,2021.05.18,,,,,NTP,,6180,-2,1453,CERES BR I,N2 Probe,,30.3462162,,,,,,,
1,2021.05.18,,,,,NTP,,6180,-2,1453,CERES BR I,N2 Probe,,30.31621361,,,,,,,
1,2021.05.28,,,,,NTP,,5280,-2,1453,CERES BR I,N1 Probe,,33.36473083,,,,,,,
1,2021.05.28,,,,,NTP,,5280,-2,1453,CERES BR I,N1 Probe,,33.24329376,,,,,,,
1,2021.05.28,,,,,NTP,,5280,-2,1453,CERES BR I,N2 Probe,,34.97620773,,,,,,,
1,2021.05.28,,,,,NTP,,5280,-2,1453,CERES BR I,N2 Probe,,33.79788971,,,,,,,
1,2021.05.11,,,,,NTP,,5780,-3,146,CERES Remains II,N1 Probe,,29.58858681,,,,,,,
1,2021.05.11,,,,,NTP,,5780,-3,146,CERES Remains II,N1 Probe,,29.25164604,,,,,,,
1,2021.05.11,,,,,NTP,,5780,-3,146,CERES Remains II,N2 Probe,,34.02513504,,,,,,,
1,2021.05.11,,,,,NTP,,5780,-3,146,CERES Remains II,N2 Probe,,34.05308914,,,,,,,
1,2021.05.11,,,,,CDC,,120,-5,84,CDC -5,N1 Probe,,30.74802017,,,,,,,
1,2021.05.11,,,,,CDC,,120,-4,840,CDC -4,N1 Probe,,28.54985237,,,,,,,
1,2021.05.11,,,,,CDC,,120,-3,8400,CDC -3,N1 Probe,,25.47841835,,,,,,,
1,2021.05.11,,,,,CDC,,120,-5,84,CDC -5,N2 Probe,,33.98116684,,,,,,,
1,2021.05.11,,,,,CDC,,120,-4,840,CDC -4,N2 Probe,,30.7620945,,,,,,,
1,2021.05.11,,,,,CDC,,120,-3,8400,CDC -3,N2 Probe,,26.9597435,,,,,,,
1,2021.05.11,,,,,CDC,,120,-2,84000,CDC -2,N2 Probe,,22.66015244,,,,,,,
1,2021.05.11,,,,,NTP,,500,-5,84,CERES -5,N1 Probe,,29.31109428,,,,,,,
1,2021.05.11,,,,,NTP,,500,-4,840,CERES -4,N1 Probe,,26.1150074,,,,,,,
1,2021.05.11,,,,,NTP,,500,-3,8400,CERES -3,N1 Probe,,23.50989342,,,,,,,
1,2021.05.11,,,,,NTP,,500,-2,84000,CERES -2,N1 Probe,,20.18153763,,,,,,,
1,2021.05.11,,,,,NTP,,500,-5,84,CERES -5,N2 Probe,,31.82379532,,,,,,,
1,2021.05.11,,,,,NTP,,500,-4,840,CERES -4,N2 Probe,,28.15004539,,,,,,,
1,2021.05.11,,,,,NTP,,500,-3,8400,CERES -3,N2 Probe,,25.80303955,,,,,,,
1,2021.05.11,,,,,NTP,,500,-2,84000,CERES -2,N2 Probe,,22.45916367,,,,,,,
1,2021.05.13,,,,,CDC,,120,-2,22,CDC 120 I,N1 Probe,,32.14282227,,,,,,,
1,2021.05.13,,,,,CDC,,120,-2,22,CDC 120 I,N1 Probe,,31.69303894,,,,,,,
1,2021.05.13,,,,,CDC,,120,-3,2,CDC 120 II,N1 Probe,,34.8459816,,,,,,,
1,2021.05.13,,,,,CDC,,120,-3,2,CDC 120 II,N1 Probe,,36.61738968,,,,,,,
1,2021.05.13,,,,,CDC,,120,-4,0.224,CDC 120 III,N1 Probe,,Undetermined,,,,,,,
1,2021.05.13,,,,,CDC,,120,-4,0.224,CDC 120 III,N1 Probe,,Undetermined,,,,,,,
1,2021.05.13,,,,,CDC,,120,-2,22,CDC 120 I,N2 Probe,,33.42525482,,,,,,,
1,2021.05.13,,,,,CDC,,120,-2,22,CDC 120 I,N2 Probe,,33.29723358,,,,,,,
1,2021.05.13,,,,,CDC,,120,-3,2,CDC 120 II,N2 Probe,,37.46784973,,,,,,,
1,2021.05.13,,,,,CDC,,120,-3,2,CDC 120 II,N2 Probe,,36.8014183,,,,,,,
1,2021.05.13,,,,,CDC,,120,-4,0.224,CDC 120 III,N2 Probe,,39.93277359,,,,,,,
1,2021.05.13,,,,,CDC,,120,-4,0.224,CDC 120 III,N2 Probe,,39.84347153,,,,,,,
1,2021.05.13,,,,,CDC,,300,-2,56,CDC 300 I,N1 Probe,,31.87168503,,,,,,,
1,2021.05.13,,,,,CDC,,300,-2,56,CDC 300 I,N1 Probe,,31.0804081,,,,,,,
1,2021.05.13,,,,,CDC,,300,-3,6,CDC 300 II,N1 Probe,,35.05489731,,,,,,,
1,2021.05.13,,,,,CDC,,300,-3,6,CDC 300 II,N1 Probe,,34.70967102,,,,,,,
1,2021.05.13,,,,,CDC,,300,-4,1,CDC 300 III,N1 Probe,,38.42871094,,,,,,,
1,2021.05.13,,,,,CDC,,300,-4,1,CDC 300 III,N1 Probe,,37.51260757,,,,,,,
1,2021.05.13,,,,,CDC,,300,-2,56,CDC 300 I,N2 Probe,,32.54375076,,,,,,,
1,2021.05.13,,,,,CDC,,300,-2,56,CDC 300 I,N2 Probe,,32.65774155,,,,,,,
1,2021.05.13,,,,,CDC,,300,-3,6,CDC 300 II,N2 Probe,,36.31821442,,,,,,,
1,2021.05.13,,,,,CDC,,300,-3,6,CDC 300 II,N2 Probe,,36.6777153,,,,,,,
1,2021.05.13,,,,,CDC,,300,-4,1,CDC 300 III,N2 Probe,,Undetermined,,,,,,,
1,2021.05.13,,,,,CDC,,300,-4,1,CDC 300 III,N2 Probe,,37.1505928,,,,,,,
1,2021.05.13,,,,,NTP,,300,-2,56,CERES 300 I,N1 Probe,,31.30559158,,,,,,,
1,2021.05.13,,,,,NTP,,300,-2,56,CERES 300 I,N1 Probe,,31.58745384,,,,,,,
1,2021.05.13,,,,,NTP,,300,-3,6,CERES 300 II,N1 Probe,,34.87482452,,,,,,,
1,2021.05.13,,,,,NTP,,300,-3,6,CERES 300 II,N1 Probe,,35.24132156,,,,,,,
1,2021.05.13,,,,,NTP,,300,-4,1,CERES 300  III,N1 Probe,,38.33147812,,,,,,,
1,2021.05.13,,,,,NTP,,300,-4,1,CERES 300  III,N1 Probe,,38.48987579,,,,,,,
1,2021.05.13,,,,,NTP,,300,-2,56,CERES 300 I,N2 Probe,,33.01033783,,,,,,,
1,2021.05.13,,,,,NTP,,300,-2,56,CERES 300 I,N2 Probe,,32.61405182,,,,,,,
1,2021.05.13,,,,,NTP,,300,-3,6,CERES 300 II,N2 Probe,,36.32413101,,,,,,,
1,2021.05.13,,,,,NTP,,300,-3,6,CERES 300 II,N2 Probe,,35.45281601,,,,,,,
1,2021.05.13,,,,,NTP,,300,-4,1,CERES 300  III,N2 Probe,,Undetermined,,,,,,,
1,2021.05.13,,,,,NTP,,300,-4,1,CERES 300  III,N2 Probe,,Undetermined,,,,,,,
1,2021.05.13,,,,,NTP,,1000,-2,187,CERES 1000 I,N1 Probe,,29.04892731,,,,,,,
1,2021.05.13,,,,,NTP,,1000,-2,187,CERES 1000 I,N1 Probe,,29.75317001,,,,,,,
1,2021.05.13,,,,,NTP,,1000,-3,19,CERES 1000 II,N1 Probe,,32.56644058,,,,,,,
1,2021.05.13,,,,,NTP,,1000,-3,19,CERES 1000 II,N1 Probe,,32.28895187,,,,,,,
1,2021.05.13,,,,,NTP,,1000,-4,2,CERES 1000 III,N1 Probe,,36.72367096,,,,,,,
1,2021.05.13,,,,,NTP,,1000,-4,2,CERES 1000 III,N1 Probe,,Undetermined,,,,,,,
1,2021.05.13,,,,,NTP,,1000,-2,187,CERES 1000 I,N2 Probe,,31.30641556,,,,,,,
1,2021.05.13,,,,,NTP,,1000,-2,187,CERES 1000 I,N2 Probe,,30.85749245,,,,,,,
1,2021.05.13,,,,,NTP,,1000,-3,19,CERES 1000 II,N2 Probe,,33.74842072,,,,,,,
1,2021.05.13,,,,,NTP,,1000,-3,19,CERES 1000 II,N2 Probe,,33.87260818,,,,,,,
1,2021.05.13,,,,,NTP,,1000,-4,2,CERES 1000 III,N2 Probe,,37.55313492,,,,,,,
1,2021.05.13,,,,,NTP,,1000,-4,2,CERES 1000 III,N2 Probe,,37.27983856,,,,,,,
1,2021.05.12,,,,,NTP,,6080,-3,146,CERES BR II,N1 Probe,,29.80545616,,,,,,,
1,2021.05.12,,,,,NTP,,6080,-3,146,CERES BR II,N1 Probe,,29.89053535,,,,,,,
1,2021.05.12,,,,,NTP,,6080,-3,146,CERES BR II,N2 Probe,,31.80268478,,,,,,,
1,2021.05.12,,,,,NTP,,6080,-3,146,CERES BR II,N2 Probe,,31.41939545,,,,,,,
1,2021.05.13,,,,,NTP,,6080,-3,146,CERES BR II,N1 Probe,,31.52396584,,,,,,,
1,2021.05.13,,,,,NTP,,6080,-3,146,CERES BR II,N1 Probe,,31.3794384,,,,,,,
1,2021.05.13,,,,,NTP,,6080,-3,146,CERES BR II,N2 Probe,,33.63861084,,,,,,,
1,2021.05.13,,,,,NTP,,6080,-3,146,CERES BR II,N2 Probe,,33.88763046,,,,,,,
1,2021.05.18,,,,,NTP,,6080,-3,146,CERES BR II,N1 Probe,,30.26508713,,,,,,,
1,2021.05.18,,,,,NTP,,6080,-3,146,CERES BR II,N1 Probe,,Undetermined,,,,,,,
1,2021.05.18,,,,,NTP,,6080,-3,146,CERES BR II,N2 Probe,,32.56261826,,,,,,,
1,2021.05.18,,,,,NTP,,6080,-3,146,CERES BR II,N2 Probe,,32.91190338,,,,,,,
1,2021.05.13,,,,,CDC,SD,120,-5,84,CDC -5,N1 Probe,,32.99782944,,,,,,,
1,2021.05.13,,,,,CDC,SD,120,-4,840,CDC -4,N1 Probe,,29.74081612,,,,,,,
1,2021.05.13,,,,,CDC,SD,120,-3,8400,CDC -3,N1 Probe,,26.32948685,,,,,,,
1,2021.05.13,,,,,CDC,SD,120,-2,84000,CDC -2,N1 Probe,,23.39624214,,,,,,,
1,2021.05.13,,,,,CDC,SD,120,-5,84,CDC -5,N2 Probe,,34.92764664,,,,,,,
1,2021.05.13,,,,,CDC,SD,120,-4,840,CDC -4,N2 Probe,,31.23793983,,,,,,,
1,2021.05.13,,,,,CDC,SD,120,-3,8400,CDC -3,N2 Probe,,27.13711739,,,,,,,
1,2021.05.13,,,,,CDC,SD,120,-2,84000,CDC -2,N2 Probe,,22.44614601,,,,,,,
1,2021.05.13,,,,,NTP,SD,500,-5,84,CERES -5,N1 Probe,,31.02324295,,,,,,,
1,2021.05.13,,,,,NTP,SD,500,-4,840,CERES -4,N1 Probe,,27.05923843,,,,,,,
1,2021.05.13,,,,,NTP,SD,500,-3,8400,CERES -3,N1 Probe,,24.41358376,,,,,,,
1,2021.05.13,,,,,NTP,SD,500,-2,84000,CERES -2,N1 Probe,,Undetermined,,,,,,,
1,2021.05.13,,,,,NTP,SD,500,-5,84,CERES -5,N2 Probe,,32.43193054,,,,,,,
1,2021.05.13,,,,,NTP,SD,500,-4,840,CERES -4,N2 Probe,,28.24741364,,,,,,,
1,2021.05.13,,,,,NTP,SD,500,-3,8400,CERES -3,N2 Probe,,25.58717346,,,,,,,
1,2021.05.13,,,,,NTP,SD,500,-2,84000,CERES -2,N2 Probe,,22.42395973,,,,,,,
1,2021.05.18,,,,,CDC,,120,-2,22,CDC 120 I,N1 Probe,,32.07210541,,,,,,,
1,2021.05.18,,,,,CDC,,120,-2,22,CDC 120 I,N1 Probe,,31.72496986,,,,,,,
1,2021.05.18,,,,,CDC,,120,-3,2,CDC 120 II,N1 Probe,,33.93254852,,,,,,,
1,2021.05.18,,,,,CDC,,120,-3,2,CDC 120 II,N1 Probe,,33.96613312,,,,,,,
1,2021.05.18,,,,,CDC,,120,-4,0.224,CDC 120 III,N1 Probe,,36.55300903,,,,,,,
1,2021.05.18,,,,,CDC,,120,-4,0.224,CDC 120 III,N1 Probe,,36.67294693,,,,,,,
1,2021.05.18,,,,,CDC,,120,-2,22,CDC 120 I,N2 Probe,,34.01306152,,,,,,,
1,2021.05.18,,,,,CDC,,120,-2,22,CDC 120 I,N2 Probe,,34.43225098,,,,,,,
1,2021.05.18,,,,,CDC,,120,-3,2,CDC 120 II,N2 Probe,,36.80561447,,,,,,,
1,2021.05.18,,,,,CDC,,120,-3,2,CDC 120 II,N2 Probe,,37.50571442,,,,,,,
1,2021.05.18,,,,,CDC,,120,-4,0.224,CDC 120 III,N2 Probe,,Undetermined,,,,,,,
1,2021.05.18,,,,,CDC,,120,-4,0.224,CDC 120 III,N2 Probe,,Undetermined,,,,,,,
1,2021.05.18,,,,,CDC,,300,-2,56,CDC 300 I,N1 Probe,,31.42407036,,,,,,,
1,2021.05.18,,,,,CDC,,300,-2,56,CDC 300 I,N1 Probe,,31.60836601,,,,,,,
1,2021.05.18,,,,,CDC,,300,-3,6,CDC 300 II,N1 Probe,,33.16976547,,,,,,,
1,2021.05.18,,,,,CDC,,300,-3,6,CDC 300 II,N1 Probe,,34.37409592,,,,,,,
1,2021.05.18,,,,,CDC,,300,-4,1,CDC 300 III,N1 Probe,,37.38142014,,,,,,,
1,2021.05.18,,,,,CDC,,300,-4,1,CDC 300 III,N1 Probe,,37.0246048,,,,,,,
1,2021.05.18,,,,,CDC,,300,-2,56,CDC 300 I,N2 Probe,,33.9969368,,,,,,,
1,2021.05.18,,,,,CDC,,300,-2,56,CDC 300 I,N2 Probe,,33.82187653,,,,,,,
1,2021.05.18,,,,,CDC,,300,-3,6,CDC 300 II,N2 Probe,,36.19091797,,,,,,,
1,2021.05.18,,,,,CDC,,300,-3,6,CDC 300 II,N2 Probe,,36.41191483,,,,,,,
1,2021.05.18,,,,,CDC,,300,-4,1,CDC 300 III,N2 Probe,,39.16262436,,,,,,,
1,2021.05.18,,,,,CDC,,300,-4,1,CDC 300 III,N2 Probe,,Undetermined,,,,,,,
1,2021.05.18,,,,,NTP,,300,-2,56,CERES 300 I,N1 Probe,,31.06983948,,,,,,,
1,2021.05.18,,,,,NTP,,300,-2,56,CERES 300 I,N1 Probe,,31.1272316,,,,,,,
1,2021.05.18,,,,,NTP,,300,-3,6,CERES 300 II,N1 Probe,,33.17088699,,,,,,,
1,2021.05.18,,,,,NTP,,300,-3,6,CERES 300 II,N1 Probe,,34.00197601,,,,,,,
1,2021.05.18,,,,,NTP,,300,-4,1,CERES 300  III,N1 Probe,,36.09968185,,,,,,,
1,2021.05.18,,,,,NTP,,300,-4,1,CERES 300  III,N1 Probe,,37.13433075,,,,,,,
1,2021.05.18,,,,,NTP,,300,-2,56,CERES 300 I,N2 Probe,,33.89473343,,,,,,,
1,2021.05.18,,,,,NTP,,300,-2,56,CERES 300 I,N2 Probe,,33.72701263,,,,,,,
1,2021.05.18,,,,,NTP,,300,-3,6,CERES 300 II,N2 Probe,,36.70477676,,,,,,,
1,2021.05.18,,,,,NTP,,300,-3,6,CERES 300 II,N2 Probe,,36.65752029,,,,,,,
1,2021.05.18,,,,,NTP,,300,-4,1,CERES 300  III,N2 Probe,,41.44214249,,,,,,,
1,2021.05.18,,,,,NTP,,300,-4,1,CERES 300  III,N2 Probe,,39.03287125,,,,,,,
1,2021.05.18,,,,,NTP,,1000,-2,187,CERES 1000 I,N1 Probe,,28.67524338,,,,,,,
1,2021.05.18,,,,,NTP,,1000,-2,187,CERES 1000 I,N1 Probe,,28.83558655,,,,,,,
1,2021.05.18,,,,,NTP,,1000,-3,19,CERES 1000 II,N1 Probe,,31.97058105,,,,,,,
1,2021.05.18,,,,,NTP,,1000,-3,19,CERES 1000 II,N1 Probe,,31.94497681,,,,,,,
1,2021.05.18,,,,,NTP,,1000,-4,2,CERES 1000 III,N1 Probe,,36.89824677,,,,,,,
1,2021.05.18,,,,,NTP,,1000,-4,2,CERES 1000 III,N1 Probe,,36.06774902,,,,,,,
1,2021.05.18,,,,,NTP,,1000,-2,187,CERES 1000 I,N2 Probe,,31.60865402,,,,,,,
1,2021.05.18,,,,,NTP,,1000,-2,187,CERES 1000 I,N2 Probe,,31.65284157,,,,,,,
1,2021.05.18,,,,,NTP,,1000,-3,19,CERES 1000 II,N2 Probe,,34.45907593,,,,,,,
1,2021.05.18,,,,,NTP,,1000,-3,19,CERES 1000 II,N2 Probe,,34.50681686,,,,,,,
1,2021.05.18,,,,,NTP,,1000,-4,2,CERES 1000 III,N2 Probe,,39.87150574,,,,,,,
1,2021.05.18,,,,,NTP,,1000,-4,2,CERES 1000 III,N2 Probe,,38.12870789,,,,,,,
1,2021.05.28,,,,,NTP,,5880,-3,146,CERES BR II,N1 Probe,,30.27830696,,,,,,,
1,2021.05.28,,,,,NTP,,5880,-3,146,CERES BR II,N1 Probe,,30.28449631,,,,,,,
1,2021.05.28,,,,,NTP,,5880,-3,146,CERES BR II,N2 Probe,,30.61590576,,,,,,,
1,2021.05.28,,,,,NTP,,5880,-3,146,CERES BR II,N2 Probe,,30.89227867,,,,,,,
1,2021.05.11,,,,,NTP,,5780,-4,15,CERES Remains III,N1 Probe,,33.94761276,,,,,,,
1,2021.05.11,,,,,NTP,,5780,-4,15,CERES Remains III,N1 Probe,,33.41011429,,,,,,,
1,2021.05.11,,,,,NTP,,5780,-4,15,CERES Remains III,N2 Probe,,37.08042145,,,,,,,
1,2021.05.11,,,,,NTP,,5780,-4,15,CERES Remains III,N2 Probe,,37.61062622,,,,,,,
1,2021.05.12,,,,,NTP,,6180,-4,15,CERES BR III,N1 Probe,,35.15049362,,,,,,,
1,2021.05.12,,,,,NTP,,6180,-4,15,CERES BR III,N1 Probe,,34.70778275,,,,,,,
1,2021.05.12,,,,,NTP,,6180,-4,15,CERES BR III,N2 Probe,,35.07687378,,,,,,,
1,2021.05.12,,,,,NTP,,6180,-4,15,CERES BR III,N2 Probe,,34.89397049,,,,,,,
1,2021.05.18,,,,,CDC,SD,120,-5,84,CDC -5,N1 Probe,,32.34685898,,,,,,,
1,2021.05.18,,,,,CDC,SD,120,-4,840,CDC -4,N1 Probe,,29.18635941,,,,,,,
1,2021.05.18,,,,,CDC,SD,120,-3,8400,CDC -3,N1 Probe,,25.97799873,,,,,,,
1,2021.05.18,,,,,CDC,SD,120,-2,84000,CDC -2,N1 Probe,,23.84811592,,,,,,,
1,2021.05.18,,,,,CDC,SD,120,-5,84,CDC -5,N2 Probe,,34.4480896,,,,,,,
1,2021.05.18,,,,,CDC,SD,120,-4,840,CDC -4,N2 Probe,,30.86818695,,,,,,,
1,2021.05.18,,,,,CDC,SD,120,-3,8400,CDC -3,N2 Probe,,27.2138958,,,,,,,
1,2021.05.18,,,,,CDC,SD,120,-2,84000,CDC -2,N2 Probe,,23.49303818,,,,,,,
1,2021.05.18,,,,,NTP,SD,500,-5,84,CERES -5,N1 Probe,,29.66726112,,,,,,,
1,2021.05.18,,,,,NTP,SD,500,-4,840,CERES -4,N1 Probe,,26.83685303,,,,,,,
1,2021.05.18,,,,,NTP,SD,500,-3,8400,CERES -3,N1 Probe,,23.51794815,,,,,,,
1,2021.05.18,,,,,NTP,SD,500,-2,84000,CERES -2,N1 Probe,,20.72045517,,,,,,,
1,2021.05.18,,,,,NTP,SD,500,-5,84,CERES -5,N2 Probe,,31.66918564,,,,,,,
1,2021.05.18,,,,,NTP,SD,500,-4,840,CERES -4,N2 Probe,,28.0884304,,,,,,,
1,2021.05.18,,,,,NTP,SD,500,-3,8400,CERES -3,N2 Probe,,25.30267525,,,,,,,
1,2021.05.18,,,,,NTP,SD,500,-2,84000,CERES -2,N2 Probe,,22.42443275,,,,,,,
1,2021.05.28,,,,,CDC,,120,-2,22,CDC 120 I,N1 Probe,,31.27490616,,,,,,,
1,2021.05.28,,,,,CDC,,120,-2,22,CDC 120 I,N1 Probe,,31.20680046,,,,,,,
1,2021.05.28,,,,,CDC,,120,-3,2,CDC 120 II,N1 Probe,,33.90679932,,,,,,,
1,2021.05.28,,,,,CDC,,120,-3,2,CDC 120 II,N1 Probe,,Undetermined,,,,,,,
1,2021.05.28,,,,,CDC,,120,-4,0.224,CDC 120 III,N1 Probe,,Undetermined,,,,,,,
1,2021.05.28,,,,,CDC,,120,-4,0.224,CDC 120 III,N1 Probe,,Undetermined,,,,,,,
1,2021.05.28,,,,,CDC,,120,-2,22,CDC 120 I,N2 Probe,,32.79441833,,,,,,,
1,2021.05.28,,,,,CDC,,120,-2,22,CDC 120 I,N2 Probe,,32.0834465,,,,,,,
1,2021.05.28,,,,,CDC,,120,-3,2,CDC 120 II,N2 Probe,,34.67011261,,,,,,,
1,2021.05.28,,,,,CDC,,120,-3,2,CDC 120 II,N2 Probe,,38.35084152,,,,,,,
1,2021.05.28,,,,,CDC,,120,-4,0.224,CDC 120 III,N2 Probe,,Undetermined,,,,,,,
1,2021.05.28,,,,,CDC,,120,-4,0.224,CDC 120 III,N2 Probe,,36.83930206,,,,,,,
1,2021.05.28,,,,,CDC,,300,-2,56,CDC 300 I,N1 Probe,,30.284935,,,,,,,
1,2021.05.28,,,,,CDC,,300,-2,56,CDC 300 I,N1 Probe,,30.41918182,,,,,,,
1,2021.05.28,,,,,CDC,,300,-3,6,CDC 300 II,N1 Probe,,33.18966293,,,,,,,
1,2021.05.28,,,,,CDC,,300,-3,6,CDC 300 II,N1 Probe,,33.91235733,,,,,,,
1,2021.05.28,,,,,CDC,,300,-4,1,CDC 300 III,N1 Probe,,36.24487686,,,,,,,
1,2021.05.28,,,,,CDC,,300,-4,1,CDC 300 III,N1 Probe,,Undetermined,,,,,,,
1,2021.05.28,,,,,CDC,,300,-2,56,CDC 300 I,N2 Probe,,31.56863022,,,,,,,
1,2021.05.28,,,,,CDC,,300,-2,56,CDC 300 I,N2 Probe,,31.00752068,,,,,,,
1,2021.05.28,,,,,CDC,,300,-3,6,CDC 300 II,N2 Probe,,34.78104401,,,,,,,
1,2021.05.28,,,,,CDC,,300,-3,6,CDC 300 II,N2 Probe,,33.98243713,,,,,,,
1,2021.05.28,,,,,CDC,,300,-4,1,CDC 300 III,N2 Probe,,35.42851257,,,,,,,
1,2021.05.28,,,,,CDC,,300,-4,1,CDC 300 III,N2 Probe,,37.25188065,,,,,,,
1,2021.05.28,,,,,NTP,,300,-2,56,CERES 300 I,N1 Probe,,30.50609398,,,,,,,
1,2021.05.28,,,,,NTP,,300,-2,56,CERES 300 I,N1 Probe,,30.59042358,,,,,,,
1,2021.05.28,,,,,NTP,,300,-3,6,CERES 300 II,N1 Probe,,33.22591782,,,,,,,
1,2021.05.28,,,,,NTP,,300,-3,6,CERES 300 II,N1 Probe,,33.83999252,,,,,,,
1,2021.05.28,,,,,NTP,,300,-4,1,CERES 300  III,N1 Probe,,37.48021698,,,,,,,
1,2021.05.28,,,,,NTP,,300,-4,1,CERES 300  III,N1 Probe,,37.11994171,,,,,,,
1,2021.05.28,,,,,NTP,,300,-2,56,CERES 300 I,N2 Probe,,31.63211441,,,,,,,
1,2021.05.28,,,,,NTP,,300,-2,56,CERES 300 I,N2 Probe,,31.44882965,,,,,,,
1,2021.05.28,,,,,NTP,,300,-3,6,CERES 300 II,N2 Probe,,34.52715683,,,,,,,
1,2021.05.28,,,,,NTP,,300,-3,6,CERES 300 II,N2 Probe,,33.85296631,,,,,,,
1,2021.05.28,,,,,NTP,,300,-4,1,CERES 300  III,N2 Probe,,37.66266251,,,,,,,
1,2021.05.28,,,,,NTP,,300,-4,1,CERES 300  III,N2 Probe,,37.97956848,,,,,,,
1,2021.05.28,,,,,NTP,,1000,-2,187,CERES 1000 I,N1 Probe,,28.21019936,,,,,,,
1,2021.05.28,,,,,NTP,,1000,-2,187,CERES 1000 I,N1 Probe,,28.19730186,,,,,,,
1,2021.05.28,,,,,NTP,,1000,-3,19,CERES 1000 II,N1 Probe,,31.28701401,,,,,,,
1,2021.05.28,,,,,NTP,,1000,-3,19,CERES 1000 II,N1 Probe,,32.15681458,,,,,,,
1,2021.05.28,,,,,NTP,,1000,-4,2,CERES 1000 III,N1 Probe,,36.69985199,,,,,,,
1,2021.05.28,,,,,NTP,,1000,-4,2,CERES 1000 III,N1 Probe,,35.59789276,,,,,,,
1,2021.05.28,,,,,NTP,,1000,-2,187,CERES 1000 I,N2 Probe,,29.64125061,,,,,,,
1,2021.05.28,,,,,NTP,,1000,-2,187,CERES 1000 I,N2 Probe,,29.65583611,,,,,,,
1,2021.05.28,,,,,NTP,,1000,-3,19,CERES 1000 II,N2 Probe,,32.287323,,,,,,,
1,2021.05.28,,,,,NTP,,1000,-3,19,CERES 1000 II,N2 Probe,,32.42378235,,,,,,,
1,2021.05.28,,,,,NTP,,1000,-4,2,CERES 1000 III,N2 Probe,,35.39690781,,,,,,,
1,2021.05.28,,,,,NTP,,1000,-4,2,CERES 1000 III,N2 Probe,,36.03048706,,,,,,,
1,2021.05.13,,,,,NTP,,6180,-4,15,CERES BR III,N1 Probe,,34.99212265,,,,,,,
1,2021.05.13,,,,,NTP,,6180,-4,15,CERES BR III,N1 Probe,,34.98032379,,,,,,,
1,2021.05.13,,,,,NTP,,6180,-4,15,CERES BR III,N2 Probe,,36.77603149,,,,,,,
1,2021.05.13,,,,,NTP,,6180,-4,15,CERES BR III,N2 Probe,,36.41950607,,,,,,,
1,2021.05.18,,,,,NTP,,5980,-4,15,CERES BR III,N1 Probe,,30.42544365,,,,,,,
1,2021.05.18,,,,,NTP,,5980,-4,15,CERES BR III,N1 Probe,,30.76145554,,,,,,,
1,2021.05.18,,,,,NTP,,5980,-4,15,CERES BR III,N2 Probe,,33.34073639,,,,,,,
1,2021.05.18,,,,,NTP,,5980,-4,15,CERES BR III,N2 Probe,,33.23085022,,,,,,,
1,2021.05.28,,,,,NTP,,5880,-4,15,CERES BR III,N1 Probe,,26.75629807,,,,,,,
1,2021.05.28,,,,,NTP,,5880,-4,15,CERES BR III,N1 Probe,,26.70481682,,,,,,,
1,2021.05.28,,,,,NTP,,5880,-4,15,CERES BR III,N2 Probe,,27.19388199,,,,,,,
1,2021.05.28,,,,,NTP,,5880,-4,15,CERES BR III,N2 Probe,,27.12211227,,,,,,,
1,2021.05.28,,,,,CDC,SD,120,-5,84,CDC -5,N1 Probe,,30.8802433,,,,,,,
1,2021.05.28,,,,,CDC,SD,120,-4,840,CDC -4,N1 Probe,,27.82137108,,,,,,,
1,2021.05.28,,,,,CDC,SD,120,-3,8400,CDC -3,N1 Probe,,24.8638401,,,,,,,
1,2021.05.28,,,,,CDC,SD,120,-2,84000,CDC -2,N1 Probe,,22.15185738,,,,,,,
1,2021.05.28,,,,,CDC,SD,120,-5,84,CDC -5,N2 Probe,,32.85183716,,,,,,,
1,2021.05.28,,,,,CDC,SD,120,-4,840,CDC -4,N2 Probe,,28.5601387,,,,,,,
1,2021.05.28,,,,,CDC,SD,120,-3,8400,CDC -3,N2 Probe,,25.04902458,,,,,,,
1,2021.05.28,,,,,CDC,SD,120,-2,84000,CDC -2,N2 Probe,,20.87059212,,,,,,,
1,2021.05.28,,,,,NTP,SD,500,-5,84,CERES -5,N1 Probe,,28.96554947,,,,,,,
1,2021.05.28,,,,,NTP,SD,500,-4,840,CERES -4,N1 Probe,,25.87874603,,,,,,,
1,2021.05.28,,,,,NTP,SD,500,-3,8400,CERES -3,N1 Probe,,23.3794651,,,,,,,
1,2021.05.28,,,,,NTP,SD,500,-2,84000,CERES -2,N1 Probe,,20.15223694,,,,,,,
1,2021.05.28,,,,,NTP,SD,500,-5,84,CERES -5,N2 Probe,,30.20480537,,,,,,,
1,2021.05.28,,,,,NTP,SD,500,-4,840,CERES -4,N2 Probe,,26.37081718,,,,,,,
1,2021.05.28,,,,,NTP,SD,500,-3,8400,CERES -3,N2 Probe,,23.69051361,,,,,,,
1,2021.05.28,,,,,NTP,SD,500,-2,84000,CERES -2,N2 Probe,,20.38858414,,,,,,,
