EXP,Extraction,PCR,EXP2,Tool,Method,Type,SampleName,Dilution.Factor,Tool.Vol,Input.Vol,Vol.Adjustment,FIN.Vol,PER.SAMP,IDEAL.Copies,Copy.Adjustment,REAL.Copies,Target,Ct,StdDevCt,Comment,RH,Temp
SpikeEluent,2021-05-10,2021-05-11,SpikeEluent,Sanigen,NTP,Eluent,CERES Remains I,-2,10000,8000,-2220,5780,0.578,1867,414,1453,N1 Probe,26.31789589,26.45101357,,,
SpikeEluent,2021-05-10,2021-05-11,SpikeEluent,Sanigen,NTP,Eluent,CERES Remains I,-2,10000,8000,-2220,5780,0.578,1867,414,1453,N1 Probe,26.58413124,26.45101357,,,
SpikeEluent,2021-05-10,2021-05-11,SpikeEluent,Sanigen,NTP,Eluent,CERES Remains I,-2,10000,8000,-2220,5780,0.578,1867,414,1453,N2 Probe,29.4381218,29.4923687,,,
SpikeEluent,2021-05-10,2021-05-11,SpikeEluent,Sanigen,NTP,Eluent,CERES Remains I,-2,10000,8000,-2220,5780,0.578,1867,414,1453,N2 Probe,29.5466156,29.4923687,,,
SpikeEluent,2021-05-10,2021-05-11,SpikeEluent,Sanigen,CDC,Sample,CDC 120 I,-2,10000,120,0,120,0.012,22,0,22,N1 Probe,31.77103233,31.52274323,,,
SpikeEluent,2021-05-10,2021-05-11,SpikeEluent,Sanigen,CDC,Sample,CDC 120 I,-2,10000,120,0,120,0.012,22,0,22,N1 Probe,31.27445602,31.52274323,,,
SpikeEluent,2021-05-10,2021-05-11,SpikeEluent,Sanigen,CDC,Sample,CDC 120 II,-3,10000,120,0,120,0.012,2,0,2,N1 Probe,36.72644043,35.40937805,,,
SpikeEluent,2021-05-10,2021-05-11,SpikeEluent,Sanigen,CDC,Sample,CDC 120 II,-3,10000,120,0,120,0.012,2,0,2,N1 Probe,34.09231949,35.40937805,,,
SpikeEluent,2021-05-10,2021-05-11,SpikeEluent,Sanigen,CDC,Sample,CDC 120 III,-4,10000,120,0,120,0.012,0.224,0,0.224,N1 Probe,Undetermined,35.39586258,,,
SpikeEluent,2021-05-10,2021-05-11,SpikeEluent,Sanigen,CDC,Sample,CDC 120 III,-4,10000,120,0,120,0.012,0.224,0,0.224,N1 Probe,35.39586258,35.39586258,,,
SpikeEluent,2021-05-10,2021-05-11,SpikeEluent,Sanigen,CDC,Sample,CDC 120 I,-2,10000,120,0,120,0.012,22,0,22,N2 Probe,33.42906189,33.59151459,,,
SpikeEluent,2021-05-10,2021-05-11,SpikeEluent,Sanigen,CDC,Sample,CDC 120 I,-2,10000,120,0,120,0.012,22,0,22,N2 Probe,33.75396347,33.59151459,,,
SpikeEluent,2021-05-10,2021-05-11,SpikeEluent,Sanigen,CDC,Sample,CDC 120 II,-3,10000,120,0,120,0.012,2,0,2,N2 Probe,37.99147415,37.03866196,,,
SpikeEluent,2021-05-10,2021-05-11,SpikeEluent,Sanigen,CDC,Sample,CDC 120 II,-3,10000,120,0,120,0.012,2,0,2,N2 Probe,36.08584976,37.03866196,,,
SpikeEluent,2021-05-10,2021-05-11,SpikeEluent,Sanigen,CDC,Sample,CDC 120 III,-4,10000,120,0,120,0.012,0.224,0,0.224,N2 Probe,Undetermined,39.80282211,,,
SpikeEluent,2021-05-10,2021-05-11,SpikeEluent,Sanigen,CDC,Sample,CDC 120 III,-4,10000,120,0,120,0.012,0.224,0,0.224,N2 Probe,39.80282211,39.80282211,,,
SpikeEluent,2021-05-10,2021-05-11,SpikeEluent,Sanigen,CDC,Sample,CDC 300 I,-2,10000,300,0,300,0.03,56,0,56,N1 Probe,30.19894791,30.20235443,,,
SpikeEluent,2021-05-10,2021-05-11,SpikeEluent,Sanigen,CDC,Sample,CDC 300 I,-2,10000,300,0,300,0.03,56,0,56,N1 Probe,30.20575905,30.20235443,,,
SpikeEluent,2021-05-10,2021-05-11,SpikeEluent,Sanigen,CDC,Sample,CDC 300 II,-3,10000,300,0,300,0.03,6,0,6,N1 Probe,34.77547836,34.04309082,,,
SpikeEluent,2021-05-10,2021-05-11,SpikeEluent,Sanigen,CDC,Sample,CDC 300 II,-3,10000,300,0,300,0.03,6,0,6,N1 Probe,33.31070328,34.04309082,,,
SpikeEluent,2021-05-10,2021-05-11,SpikeEluent,Sanigen,CDC,Sample,CDC 300 III,-4,10000,300,0,300,0.03,1,0,1,N1 Probe,Undetermined,35.84973907,,,
SpikeEluent,2021-05-10,2021-05-11,SpikeEluent,Sanigen,CDC,Sample,CDC 300 III,-4,10000,300,0,300,0.03,1,0,1,N1 Probe,35.84973907,35.84973907,,,
SpikeEluent,2021-05-10,2021-05-11,SpikeEluent,Sanigen,CDC,Sample,CDC 300 I,-2,10000,300,0,300,0.03,56,0,56,N2 Probe,32.24763489,32.35135651,,,
SpikeEluent,2021-05-10,2021-05-11,SpikeEluent,Sanigen,CDC,Sample,CDC 300 I,-2,10000,300,0,300,0.03,56,0,56,N2 Probe,32.45507813,32.35135651,,,
SpikeEluent,2021-05-10,2021-05-11,SpikeEluent,Sanigen,CDC,Sample,CDC 300 II,-3,10000,300,0,300,0.03,6,0,6,N2 Probe,34.96461105,34.86616135,,,
SpikeEluent,2021-05-10,2021-05-11,SpikeEluent,Sanigen,CDC,Sample,CDC 300 II,-3,10000,300,0,300,0.03,6,0,6,N2 Probe,34.76771164,34.86616135,,,
SpikeEluent,2021-05-10,2021-05-11,SpikeEluent,Sanigen,CDC,Sample,CDC 300 III,-4,10000,300,0,300,0.03,1,0,1,N2 Probe,Undetermined,,,,
SpikeEluent,2021-05-10,2021-05-11,SpikeEluent,Sanigen,CDC,Sample,CDC 300 III,-4,10000,300,0,300,0.03,1,0,1,N2 Probe,Undetermined,,,,
SpikeEluent,2021-05-10,2021-05-11,SpikeEluent,Sanigen,NTP,Sample,CERES 300 II,-3,10000,300,0,300,0.03,6,0,6,N1 Probe,Undetermined,32.51355743,,,
SpikeEluent,2021-05-10,2021-05-11,SpikeEluent,Sanigen,NTP,Sample,CERES 300 II,-3,10000,300,0,300,0.03,6,0,6,N1 Probe,Undetermined,32.51355743,,,
SpikeEluent,2021-05-10,2021-05-11,SpikeEluent,Sanigen,NTP,Sample,CERES 300 II,-3,10000,300,0,300,0.03,6,0,6,N1 Probe,32.4797554,32.51355743,,,
SpikeEluent,2021-05-10,2021-05-11,SpikeEluent,Sanigen,NTP,Sample,CERES 300 II,-3,10000,300,0,300,0.03,6,0,6,N1 Probe,32.54735565,32.51355743,,,
SpikeEluent,2021-05-10,2021-05-11,SpikeEluent,Sanigen,NTP,Sample,CERES 300  I,-2,10000,300,0,300,0.03,56,0,56,N1 Probe,29.40282249,29.36096001,,,
SpikeEluent,2021-05-10,2021-05-11,SpikeEluent,Sanigen,NTP,Sample,CERES 300  I,-2,10000,300,0,300,0.03,56,0,56,N1 Probe,29.31909752,29.36096001,,,
SpikeEluent,2021-05-10,2021-05-11,SpikeEluent,Sanigen,NTP,Sample,CERES 300 I,-2,10000,300,0,300,0.03,56,0,56,N2 Probe,32.49004745,32.50960541,,,
SpikeEluent,2021-05-10,2021-05-11,SpikeEluent,Sanigen,NTP,Sample,CERES 300 I,-2,10000,300,0,300,0.03,56,0,56,N2 Probe,32.52916718,32.50960541,,,
SpikeEluent,2021-05-10,2021-05-11,SpikeEluent,Sanigen,NTP,Sample,CERES 300 II,-3,10000,300,0,300,0.03,6,0,6,N2 Probe,35.52204132,35.95063782,,,
SpikeEluent,2021-05-10,2021-05-11,SpikeEluent,Sanigen,NTP,Sample,CERES 300 II,-3,10000,300,0,300,0.03,6,0,6,N2 Probe,36.37923813,35.95063782,,,
SpikeEluent,2021-05-10,2021-05-11,SpikeEluent,Sanigen,NTP,Sample,CERES 300  III,-4,10000,300,0,300,0.03,1,0,1,N2 Probe,39.58123016,39.58123016,,,
SpikeEluent,2021-05-10,2021-05-11,SpikeEluent,Sanigen,NTP,Sample,CERES 300  III,-4,10000,300,0,300,0.03,1,0,1,N2 Probe,Undetermined,39.58123016,,,
SpikeEluent,2021-05-10,2021-05-11,SpikeEluent,Sanigen,NTP,Sample,CERES 1000 I,-2,10000,1000,0,1000,0.1,187,0,187,N1 Probe,Undetermined,,,,
SpikeEluent,2021-05-10,2021-05-11,SpikeEluent,Sanigen,NTP,Sample,CERES 1000 I,-2,10000,1000,0,1000,0.1,187,0,187,N1 Probe,Undetermined,,,,
SpikeEluent,2021-05-10,2021-05-11,SpikeEluent,Sanigen,NTP,Sample,CERES 1000 II,-3,10000,1000,0,1000,0.1,19,0,19,N1 Probe,Undetermined,,,,
SpikeEluent,2021-05-10,2021-05-11,SpikeEluent,Sanigen,NTP,Sample,CERES 1000 II,-3,10000,1000,0,1000,0.1,19,0,19,N1 Probe,Undetermined,,,,
SpikeEluent,2021-05-10,2021-05-11,SpikeEluent,Sanigen,NTP,Sample,CERES 1000 III,-4,10000,1000,0,1000,0.1,2,0,2,N1 Probe,Undetermined,,,,
SpikeEluent,2021-05-10,2021-05-11,SpikeEluent,Sanigen,NTP,Sample,CERES 1000 III,-4,10000,1000,0,1000,0.1,2,0,2,N1 Probe,Undetermined,,,,
SpikeEluent,2021-05-10,2021-05-11,SpikeEluent,Sanigen,NTP,Sample,CERES 1000 I,-2,10000,1000,0,1000,0.1,187,0,187,N2 Probe,Undetermined,,,,
SpikeEluent,2021-05-10,2021-05-11,SpikeEluent,Sanigen,NTP,Sample,CERES 1000 I,-2,10000,1000,0,1000,0.1,187,0,187,N2 Probe,Undetermined,,,,
SpikeEluent,2021-05-10,2021-05-11,SpikeEluent,Sanigen,NTP,Sample,CERES 1000 II,-3,10000,1000,0,1000,0.1,19,0,19,N2 Probe,Undetermined,,,,
SpikeEluent,2021-05-10,2021-05-11,SpikeEluent,Sanigen,NTP,Sample,CERES 1000 II,-3,10000,1000,0,1000,0.1,19,0,19,N2 Probe,Undetermined,,,,
SpikeEluent,2021-05-10,2021-05-11,SpikeEluent,Sanigen,NTP,Sample,CERES 1000 III,-4,10000,1000,0,1000,0.1,2,0,2,N2 Probe,Undetermined,,,,
SpikeEluent,2021-05-10,2021-05-11,SpikeEluent,Sanigen,NTP,Sample,CERES 1000 III,-4,10000,1000,0,1000,0.1,2,0,2,N2 Probe,Undetermined,,,,
SpikeEluent,2021-05-10,2021-05-11,SpikeEluent,Sanigen,NTP,Eluent,CERES Remains II,-3,10000,8000,-2220,5780,0.578,187,41,146,N1 Probe,29.58858681,29.42011642,,,
SpikeEluent,2021-05-10,2021-05-11,SpikeEluent,Sanigen,NTP,Eluent,CERES Remains II,-3,10000,8000,-2220,5780,0.578,187,41,146,N1 Probe,29.25164604,29.42011642,,,
SpikeEluent,2021-05-10,2021-05-11,SpikeEluent,Sanigen,NTP,Eluent,CERES Remains II,-3,10000,8000,-2220,5780,0.578,187,41,146,N2 Probe,34.02513504,34.03911209,,,
SpikeEluent,2021-05-10,2021-05-11,SpikeEluent,Sanigen,NTP,Eluent,CERES Remains II,-3,10000,8000,-2220,5780,0.578,187,41,146,N2 Probe,34.05308914,34.03911209,,,
SpikeEluent,2021-05-10,2021-05-11,SpikeEluent,Sanigen,CDC,SD,CDC -5,-5,10000,120,0,120,0.012,84,0,84,N1 Probe,30.74802017,30.74802017,,,
SpikeEluent,2021-05-10,2021-05-11,SpikeEluent,Sanigen,CDC,SD,CDC -4,-4,10000,120,0,120,0.012,840,0,840,N1 Probe,28.54985237,28.54985237,,,
SpikeEluent,2021-05-10,2021-05-11,SpikeEluent,Sanigen,CDC,SD,CDC -3,-3,10000,120,0,120,0.012,8400,0,8400,N1 Probe,25.47841835,25.47841835,,,
SpikeEluent,2021-05-10,2021-05-11,SpikeEluent,Sanigen,CDC,SD,CDC -5,-5,10000,120,0,120,0.012,84,0,84,N2 Probe,33.98116684,33.98116684,,,
SpikeEluent,2021-05-10,2021-05-11,SpikeEluent,Sanigen,CDC,SD,CDC -4,-4,10000,120,0,120,0.012,840,0,840,N2 Probe,30.7620945,30.7620945,,,
SpikeEluent,2021-05-10,2021-05-11,SpikeEluent,Sanigen,CDC,SD,CDC -3,-3,10000,120,0,120,0.012,8400,0,8400,N2 Probe,26.9597435,26.9597435,,,
SpikeEluent,2021-05-10,2021-05-11,SpikeEluent,Sanigen,CDC,SD,CDC -2,-2,10000,120,0,120,0.012,84000,0,84000,N2 Probe,22.66015244,22.66015244,,,
SpikeEluent,2021-05-10,2021-05-11,SpikeEluent,Sanigen,NTP,SD,CERES -5,-5,10000,500,0,500,0.05,84,0,84,N1 Probe,29.31109428,29.31109428,,,
SpikeEluent,2021-05-10,2021-05-11,SpikeEluent,Sanigen,NTP,SD,CERES -4,-4,10000,500,0,500,0.05,840,0,840,N1 Probe,26.1150074,26.1150074,,,
SpikeEluent,2021-05-10,2021-05-11,SpikeEluent,Sanigen,NTP,SD,CERES -3,-3,10000,500,0,500,0.05,8400,0,8400,N1 Probe,23.50989342,23.50989342,,,
SpikeEluent,2021-05-10,2021-05-11,SpikeEluent,Sanigen,NTP,SD,CERES -2,-2,10000,500,0,500,0.05,84000,0,84000,N1 Probe,20.18153763,20.18153763,,,
SpikeEluent,2021-05-10,2021-05-11,SpikeEluent,Sanigen,NTP,SD,CERES -5,-5,10000,500,0,500,0.05,84,0,84,N2 Probe,31.82379532,31.82379532,,,
SpikeEluent,2021-05-10,2021-05-11,SpikeEluent,Sanigen,NTP,SD,CERES -4,-4,10000,500,0,500,0.05,840,0,840,N2 Probe,28.15004539,28.15004539,,,
SpikeEluent,2021-05-10,2021-05-11,SpikeEluent,Sanigen,NTP,SD,CERES -3,-3,10000,500,0,500,0.05,8400,0,8400,N2 Probe,25.80303955,25.80303955,,,
SpikeEluent,2021-05-10,2021-05-11,SpikeEluent,Sanigen,NTP,SD,CERES -2,-2,10000,500,0,500,0.05,84000,0,84000,N2 Probe,22.45916367,22.45916367,,,
SpikeEluent,2021-05-10,2021-05-11,SpikeEluent,Sanigen,NTP,Eluent,CERES Remains III,-4,10000,8000,-2220,5780,0.578,19,4,15,N1 Probe,33.94761276,33.67886353,,,
SpikeEluent,2021-05-10,2021-05-11,SpikeEluent,Sanigen,NTP,Eluent,CERES Remains III,-4,10000,8000,-2220,5780,0.578,19,4,15,N1 Probe,33.41011429,33.67886353,,,
SpikeEluent,2021-05-10,2021-05-11,SpikeEluent,Sanigen,NTP,Eluent,CERES Remains III,-4,10000,8000,-2220,5780,0.578,19,4,15,N2 Probe,37.08042145,37.34552383,,,
SpikeEluent,2021-05-10,2021-05-11,SpikeEluent,Sanigen,NTP,Eluent,CERES Remains III,-4,10000,8000,-2220,5780,0.578,19,4,15,N2 Probe,37.61062622,37.34552383,,,
SpikeEluent,2021-05-10,2021-05-12,SpikeEluent,Sanigen,CDC,Sample,CDC 120 I,-2,10000,120,0,120,0.012,22,0,22,N1 Probe,32.42782593,,,,
SpikeEluent,2021-05-10,2021-05-12,SpikeEluent,Sanigen,CDC,Sample,CDC 120 I,-2,10000,120,0,120,0.012,22,0,22,N1 Probe,31.51000595,,,,
SpikeEluent,2021-05-10,2021-05-12,SpikeEluent,Sanigen,CDC,Sample,CDC 120 II,-3,10000,120,0,120,0.012,2,0,2,N1 Probe,34.5826683,,,,
SpikeEluent,2021-05-10,2021-05-12,SpikeEluent,Sanigen,CDC,Sample,CDC 120 II,-3,10000,120,0,120,0.012,2,0,2,N1 Probe,35.53193665,,,,
SpikeEluent,2021-05-10,2021-05-12,SpikeEluent,Sanigen,CDC,Sample,CDC 120 III,-4,10000,120,0,120,0.012,0.224,0,0.224,N1 Probe,Undetermined,,,,
SpikeEluent,2021-05-10,2021-05-12,SpikeEluent,Sanigen,CDC,Sample,CDC 120 III,-4,10000,120,0,120,0.012,0.224,0,0.224,N1 Probe,37.18429947,,,,
SpikeEluent,2021-05-10,2021-05-12,SpikeEluent,Sanigen,CDC,Sample,CDC 120 I,-2,10000,120,0,120,0.012,22,0,22,N2 Probe,32.63943481,,,,
SpikeEluent,2021-05-10,2021-05-12,SpikeEluent,Sanigen,CDC,Sample,CDC 120 I,-2,10000,120,0,120,0.012,22,0,22,N2 Probe,32.52295303,,,,
SpikeEluent,2021-05-10,2021-05-12,SpikeEluent,Sanigen,CDC,Sample,CDC 120 II,-3,10000,120,0,120,0.012,2,0,2,N2 Probe,36.62466431,,,,
SpikeEluent,2021-05-10,2021-05-12,SpikeEluent,Sanigen,CDC,Sample,CDC 120 II,-3,10000,120,0,120,0.012,2,0,2,N2 Probe,37.84005737,,,,
SpikeEluent,2021-05-10,2021-05-12,SpikeEluent,Sanigen,CDC,Sample,CDC 120 III,-4,10000,120,0,120,0.012,0.224,0,0.224,N2 Probe,38.40864182,,,,
SpikeEluent,2021-05-10,2021-05-12,SpikeEluent,Sanigen,CDC,Sample,CDC 120 III,-4,10000,120,0,120,0.012,0.224,0,0.224,N2 Probe,Undetermined,,,,
SpikeEluent,2021-05-10,2021-05-12,SpikeEluent,Sanigen,CDC,Sample,CDC 300 I,-2,10000,300,0,300,0.03,56,0,56,N1 Probe,30.08295822,,,,
SpikeEluent,2021-05-10,2021-05-12,SpikeEluent,Sanigen,CDC,Sample,CDC 300 I,-2,10000,300,0,300,0.03,56,0,56,N1 Probe,30.47243309,,,,
SpikeEluent,2021-05-10,2021-05-12,SpikeEluent,Sanigen,CDC,Sample,CDC 300 II,-3,10000,300,0,300,0.03,6,0,6,N1 Probe,33.31937408,,,,
SpikeEluent,2021-05-10,2021-05-12,SpikeEluent,Sanigen,CDC,Sample,CDC 300 II,-3,10000,300,0,300,0.03,6,0,6,N1 Probe,34.14144135,,,,
SpikeEluent,2021-05-10,2021-05-12,SpikeEluent,Sanigen,CDC,Sample,CDC 300 III,-4,10000,300,0,300,0.03,1,0,1,N1 Probe,Undetermined,,,,
SpikeEluent,2021-05-10,2021-05-12,SpikeEluent,Sanigen,CDC,Sample,CDC 300 III,-4,10000,300,0,300,0.03,1,0,1,N1 Probe,35.30355072,,,,
SpikeEluent,2021-05-10,2021-05-12,SpikeEluent,Sanigen,CDC,Sample,CDC 300 I,-2,10000,300,0,300,0.03,56,0,56,N2 Probe,31.49065208,,,,
SpikeEluent,2021-05-10,2021-05-12,SpikeEluent,Sanigen,CDC,Sample,CDC 300 I,-2,10000,300,0,300,0.03,56,0,56,N2 Probe,31.27673531,,,,
SpikeEluent,2021-05-10,2021-05-12,SpikeEluent,Sanigen,CDC,Sample,CDC 300 II,-3,10000,300,0,300,0.03,6,0,6,N2 Probe,34.82473755,,,,
SpikeEluent,2021-05-10,2021-05-12,SpikeEluent,Sanigen,CDC,Sample,CDC 300 II,-3,10000,300,0,300,0.03,6,0,6,N2 Probe,34.57576752,,,,
SpikeEluent,2021-05-10,2021-05-12,SpikeEluent,Sanigen,CDC,Sample,CDC 300 III,-4,10000,300,0,300,0.03,1,0,1,N2 Probe,Undetermined,,,,
SpikeEluent,2021-05-10,2021-05-12,SpikeEluent,Sanigen,CDC,Sample,CDC 300 III,-4,10000,300,0,300,0.03,1,0,1,N2 Probe,37.82928085,,,,
SpikeEluent,2021-05-10,2021-05-12,SpikeEluent,Sanigen,NTP,Sample,CERES 300 I,-2,10000,300,0,300,0.03,56,0,56,N1 Probe,29.77293968,,,,
SpikeEluent,2021-05-10,2021-05-12,SpikeEluent,Sanigen,NTP,Sample,CERES 300 I,-2,10000,300,0,300,0.03,56,0,56,N1 Probe,29.61969185,,,,
SpikeEluent,2021-05-10,2021-05-12,SpikeEluent,Sanigen,NTP,Sample,CERES 300 II,-3,10000,300,0,300,0.03,6,0,6,N1 Probe,33.54739761,,,,
SpikeEluent,2021-05-10,2021-05-12,SpikeEluent,Sanigen,NTP,Sample,CERES 300 II,-3,10000,300,0,300,0.03,6,0,6,N1 Probe,33.89411926,,,,
SpikeEluent,2021-05-10,2021-05-12,SpikeEluent,Sanigen,NTP,Sample,CERES 300  III,-4,10000,300,0,300,0.03,1,0,1,N1 Probe,Undetermined,,,,
SpikeEluent,2021-05-10,2021-05-12,SpikeEluent,Sanigen,NTP,Sample,CERES 300  III,-4,10000,300,0,300,0.03,1,0,1,N1 Probe,Undetermined,,,,
SpikeEluent,2021-05-10,2021-05-12,SpikeEluent,Sanigen,NTP,Sample,CERES 300 I,-2,10000,300,0,300,0.03,56,0,56,N2 Probe,31.2905159,,,,
SpikeEluent,2021-05-10,2021-05-12,SpikeEluent,Sanigen,NTP,Sample,CERES 300 I,-2,10000,300,0,300,0.03,56,0,56,N2 Probe,31.0161171,,,,
SpikeEluent,2021-05-10,2021-05-12,SpikeEluent,Sanigen,NTP,Sample,CERES 300 II,-3,10000,300,0,300,0.03,6,0,6,N2 Probe,34.30596161,,,,
SpikeEluent,2021-05-10,2021-05-12,SpikeEluent,Sanigen,NTP,Sample,CERES 300 II,-3,10000,300,0,300,0.03,6,0,6,N2 Probe,33.78636551,,,,
SpikeEluent,2021-05-10,2021-05-12,SpikeEluent,Sanigen,NTP,Sample,CERES 300  III,-4,10000,300,0,300,0.03,1,0,1,N2 Probe,37.09306335,,,,
SpikeEluent,2021-05-10,2021-05-12,SpikeEluent,Sanigen,NTP,Sample,CERES 300  III,-4,10000,300,0,300,0.03,1,0,1,N2 Probe,38.29737473,,,,
SpikeEluent,2021-05-10,2021-05-12,SpikeEluent,Sanigen,NTP,Sample,CERES 1000 I,-2,10000,1000,0,1000,0.1,187,0,187,N1 Probe,Undetermined,,,,
SpikeEluent,2021-05-10,2021-05-12,SpikeEluent,Sanigen,NTP,Sample,CERES 1000 I,-2,10000,1000,0,1000,0.1,187,0,187,N1 Probe,Undetermined,,,,
SpikeEluent,2021-05-10,2021-05-12,SpikeEluent,Sanigen,NTP,Sample,CERES 1000 II,-3,10000,1000,0,1000,0.1,19,0,19,N1 Probe,Undetermined,,,,
SpikeEluent,2021-05-10,2021-05-12,SpikeEluent,Sanigen,NTP,Sample,CERES 1000 II,-3,10000,1000,0,1000,0.1,19,0,19,N1 Probe,Undetermined,,,,
SpikeEluent,2021-05-10,2021-05-12,SpikeEluent,Sanigen,NTP,Sample,CERES 1000 III,-4,10000,1000,0,1000,0.1,2,0,2,N1 Probe,Undetermined,,,,
SpikeEluent,2021-05-10,2021-05-12,SpikeEluent,Sanigen,NTP,Sample,CERES 1000 III,-4,10000,1000,0,1000,0.1,2,0,2,N1 Probe,Undetermined,,,,
SpikeEluent,2021-05-10,2021-05-12,SpikeEluent,Sanigen,NTP,Sample,CERES 1000 I,-2,10000,1000,0,1000,0.1,187,0,187,N2 Probe,Undetermined,,,,
SpikeEluent,2021-05-10,2021-05-12,SpikeEluent,Sanigen,NTP,Sample,CERES 1000 I,-2,10000,1000,0,1000,0.1,187,0,187,N2 Probe,Undetermined,,,,
SpikeEluent,2021-05-10,2021-05-12,SpikeEluent,Sanigen,NTP,Sample,CERES 1000 II,-3,10000,1000,0,1000,0.1,19,0,19,N2 Probe,Undetermined,,,,
SpikeEluent,2021-05-10,2021-05-12,SpikeEluent,Sanigen,NTP,Sample,CERES 1000 II,-3,10000,1000,0,1000,0.1,19,0,19,N2 Probe,Undetermined,,,,
SpikeEluent,2021-05-10,2021-05-12,SpikeEluent,Sanigen,NTP,Sample,CERES 1000 III,-4,10000,1000,0,1000,0.1,2,0,2,N2 Probe,Undetermined,,,,
SpikeEluent,2021-05-10,2021-05-12,SpikeEluent,Sanigen,NTP,Sample,CERES 1000 III,-4,10000,1000,0,1000,0.1,2,0,2,N2 Probe,Undetermined,,,,
SpikeEluent,2021-05-10,2021-05-12,SpikeEluent,Sanigen,NTP,Eluent,CERES BR I,-2,10000,8200,-2220,5980,0.598,1867,414,1453,N1 Probe,26.83522606,,,,
SpikeEluent,2021-05-10,2021-05-12,SpikeEluent,Sanigen,NTP,Eluent,CERES BR I,-2,10000,8200,-2220,5980,0.598,1867,414,1453,N1 Probe,26.52506256,,,,
SpikeEluent,2021-05-10,2021-05-12,SpikeEluent,Sanigen,NTP,Eluent,CERES BR I,-2,10000,8200,-2220,5980,0.598,1867,414,1453,N2 Probe,28.15425301,,,,
SpikeEluent,2021-05-10,2021-05-12,SpikeEluent,Sanigen,NTP,Eluent,CERES BR I,-2,10000,8200,-2220,5980,0.598,1867,414,1453,N2 Probe,28.24917221,,,,
SpikeEluent,2021-05-10,2021-05-12,SpikeEluent,Sanigen,CDC,SD,CDC -5,-5,10000,120,0,120,0.012,84,0,84,N1 Probe,30.96260452,,,,
SpikeEluent,2021-05-10,2021-05-12,SpikeEluent,Sanigen,CDC,SD,CDC -4,-4,10000,120,0,120,0.012,840,0,840,N1 Probe,28.94448853,,,,
SpikeEluent,2021-05-10,2021-05-12,SpikeEluent,Sanigen,CDC,SD,CDC -3,-3,10000,120,0,120,0.012,8400,0,8400,N1 Probe,25.67152214,,,,
SpikeEluent,2021-05-10,2021-05-12,SpikeEluent,Sanigen,CDC,SD,CDC -2,-2,10000,120,0,120,0.012,84000,0,84000,N1 Probe,23.05643845,,,,
SpikeEluent,2021-05-10,2021-05-12,SpikeEluent,Sanigen,CDC,SD,CDC -5,-5,10000,120,0,120,0.012,84,0,84,N2 Probe,32.24968338,,,,
SpikeEluent,2021-05-10,2021-05-12,SpikeEluent,Sanigen,CDC,SD,CDC -4,-4,10000,120,0,120,0.012,840,0,840,N2 Probe,29.41292953,,,,
SpikeEluent,2021-05-10,2021-05-12,SpikeEluent,Sanigen,CDC,SD,CDC -3,-3,10000,120,0,120,0.012,8400,0,8400,N2 Probe,26.13541412,,,,
SpikeEluent,2021-05-10,2021-05-12,SpikeEluent,Sanigen,CDC,SD,CDC -2,-2,10000,120,0,120,0.012,84000,0,84000,N2 Probe,21.84998322,,,,
SpikeEluent,2021-05-10,2021-05-12,SpikeEluent,Sanigen,NTP,SD,CERES -5,-5,10000,500,0,500,0.05,84,0,84,N1 Probe,29.81818008,,,,
SpikeEluent,2021-05-10,2021-05-12,SpikeEluent,Sanigen,NTP,SD,CERES -4,-4,10000,500,0,500,0.05,840,0,840,N1 Probe,26.51140785,,,,
SpikeEluent,2021-05-10,2021-05-12,SpikeEluent,Sanigen,NTP,SD,CERES -3,-3,10000,500,0,500,0.05,8400,0,8400,N1 Probe,23.6632843,,,,
SpikeEluent,2021-05-10,2021-05-12,SpikeEluent,Sanigen,NTP,SD,CERES -2,-2,10000,500,0,500,0.05,84000,0,84000,N1 Probe,20.12516022,,,,
SpikeEluent,2021-05-10,2021-05-12,SpikeEluent,Sanigen,NTP,SD,CERES -5,-5,10000,500,0,500,0.05,84,0,84,N2 Probe,30.85775757,,,,
SpikeEluent,2021-05-10,2021-05-12,SpikeEluent,Sanigen,NTP,SD,CERES -4,-4,10000,500,0,500,0.05,840,0,840,N2 Probe,27.21987152,,,,
SpikeEluent,2021-05-10,2021-05-12,SpikeEluent,Sanigen,NTP,SD,CERES -3,-3,10000,500,0,500,0.05,8400,0,8400,N2 Probe,24.83716393,,,,
SpikeEluent,2021-05-10,2021-05-12,SpikeEluent,Sanigen,NTP,SD,CERES -2,-2,10000,500,0,500,0.05,84000,0,84000,N2 Probe,21.45642853,,,,
SpikeEluent,2021-05-10,2021-05-12,SpikeEluent,Sanigen,NTP,Eluent,CERES BR II,-3,10000,8300,-2220,6080,0.608,187,41,146,N1 Probe,29.80545616,,,,
SpikeEluent,2021-05-10,2021-05-12,SpikeEluent,Sanigen,NTP,Eluent,CERES BR II,-3,10000,8300,-2220,6080,0.608,187,41,146,N1 Probe,29.89053535,,,,
SpikeEluent,2021-05-10,2021-05-12,SpikeEluent,Sanigen,NTP,Eluent,CERES BR II,-3,10000,8300,-2220,6080,0.608,187,41,146,N2 Probe,31.80268478,,,,
SpikeEluent,2021-05-10,2021-05-12,SpikeEluent,Sanigen,NTP,Eluent,CERES BR II,-3,10000,8300,-2220,6080,0.608,187,41,146,N2 Probe,31.41939545,,,,
SpikeEluent,2021-05-10,2021-05-12,SpikeEluent,Sanigen,NTP,Eluent,CERES BR III,-4,10000,8400,-2220,6180,0.618,19,4,15,N1 Probe,35.15049362,,,,
SpikeEluent,2021-05-10,2021-05-12,SpikeEluent,Sanigen,NTP,Eluent,CERES BR III,-4,10000,8400,-2220,6180,0.618,19,4,15,N1 Probe,34.70778275,,,,
SpikeEluent,2021-05-10,2021-05-12,SpikeEluent,Sanigen,NTP,Eluent,CERES BR III,-4,10000,8400,-2220,6180,0.618,19,4,15,N2 Probe,35.07687378,,,,
SpikeEluent,2021-05-10,2021-05-12,SpikeEluent,Sanigen,NTP,Eluent,CERES BR III,-4,10000,8400,-2220,6180,0.618,19,4,15,N2 Probe,34.89397049,,,,
SpikeEluent,2021-05-12,2021-05-13,SpikeEluent,Sanigen,NTP,Eluent,CERES BR I,-2,10000,8200,-2220,5980,0.598,1867,414,1453,N1 Probe,27.77604866,,,,
SpikeEluent,2021-05-12,2021-05-13,SpikeEluent,Sanigen,NTP,Eluent,CERES BR I,-2,10000,8200,-2220,5980,0.598,1867,414,1453,N1 Probe,28.24354553,,,,
SpikeEluent,2021-05-12,2021-05-13,SpikeEluent,Sanigen,NTP,Eluent,CERES BR I,-2,10000,8200,-2220,5980,0.598,1867,414,1453,N2 Probe,30.077631,,,,
SpikeEluent,2021-05-12,2021-05-13,SpikeEluent,Sanigen,NTP,Eluent,CERES BR I,-2,10000,8200,-2220,5980,0.598,1867,414,1453,N2 Probe,29.97088623,,,,
SpikeEluent,2021-05-12,2021-05-13,SpikeEluent,Sanigen,CDC,Sample,CDC 120 I,-2,10000,120,0,120,0.012,22,0,22,N1 Probe,32.14282227,,,,
SpikeEluent,2021-05-12,2021-05-13,SpikeEluent,Sanigen,CDC,Sample,CDC 120 I,-2,10000,120,0,120,0.012,22,0,22,N1 Probe,31.69303894,,,,
SpikeEluent,2021-05-12,2021-05-13,SpikeEluent,Sanigen,CDC,Sample,CDC 120 II,-3,10000,120,0,120,0.012,2,0,2,N1 Probe,34.8459816,,,,
SpikeEluent,2021-05-12,2021-05-13,SpikeEluent,Sanigen,CDC,Sample,CDC 120 II,-3,10000,120,0,120,0.012,2,0,2,N1 Probe,36.61738968,,,,
SpikeEluent,2021-05-12,2021-05-13,SpikeEluent,Sanigen,CDC,Sample,CDC 120 III,-4,10000,120,0,120,0.012,0.224,0,0.224,N1 Probe,Undetermined,,,,
SpikeEluent,2021-05-12,2021-05-13,SpikeEluent,Sanigen,CDC,Sample,CDC 120 III,-4,10000,120,0,120,0.012,0.224,0,0.224,N1 Probe,Undetermined,,,,
SpikeEluent,2021-05-12,2021-05-13,SpikeEluent,Sanigen,CDC,Sample,CDC 120 I,-2,10000,120,0,120,0.012,22,0,22,N2 Probe,33.42525482,,,,
SpikeEluent,2021-05-12,2021-05-13,SpikeEluent,Sanigen,CDC,Sample,CDC 120 I,-2,10000,120,0,120,0.012,22,0,22,N2 Probe,33.29723358,,,,
SpikeEluent,2021-05-12,2021-05-13,SpikeEluent,Sanigen,CDC,Sample,CDC 120 II,-3,10000,120,0,120,0.012,2,0,2,N2 Probe,37.46784973,,,,
SpikeEluent,2021-05-12,2021-05-13,SpikeEluent,Sanigen,CDC,Sample,CDC 120 II,-3,10000,120,0,120,0.012,2,0,2,N2 Probe,36.8014183,,,,
SpikeEluent,2021-05-12,2021-05-13,SpikeEluent,Sanigen,CDC,Sample,CDC 120 III,-4,10000,120,0,120,0.012,0.224,0,0.224,N2 Probe,39.93277359,,,,
SpikeEluent,2021-05-12,2021-05-13,SpikeEluent,Sanigen,CDC,Sample,CDC 120 III,-4,10000,120,0,120,0.012,0.224,0,0.224,N2 Probe,39.84347153,,,,
SpikeEluent,2021-05-12,2021-05-13,SpikeEluent,Sanigen,CDC,Sample,CDC 300 I,-2,10000,300,0,300,0.03,56,0,56,N1 Probe,31.87168503,,,,
SpikeEluent,2021-05-12,2021-05-13,SpikeEluent,Sanigen,CDC,Sample,CDC 300 I,-2,10000,300,0,300,0.03,56,0,56,N1 Probe,31.0804081,,,,
SpikeEluent,2021-05-12,2021-05-13,SpikeEluent,Sanigen,CDC,Sample,CDC 300 II,-3,10000,300,0,300,0.03,6,0,6,N1 Probe,35.05489731,,,,
SpikeEluent,2021-05-12,2021-05-13,SpikeEluent,Sanigen,CDC,Sample,CDC 300 II,-3,10000,300,0,300,0.03,6,0,6,N1 Probe,34.70967102,,,,
SpikeEluent,2021-05-12,2021-05-13,SpikeEluent,Sanigen,CDC,Sample,CDC 300 III,-4,10000,300,0,300,0.03,1,0,1,N1 Probe,38.42871094,,,,
SpikeEluent,2021-05-12,2021-05-13,SpikeEluent,Sanigen,CDC,Sample,CDC 300 III,-4,10000,300,0,300,0.03,1,0,1,N1 Probe,37.51260757,,,,
SpikeEluent,2021-05-12,2021-05-13,SpikeEluent,Sanigen,CDC,Sample,CDC 300 I,-2,10000,300,0,300,0.03,56,0,56,N2 Probe,32.54375076,,,,
SpikeEluent,2021-05-12,2021-05-13,SpikeEluent,Sanigen,CDC,Sample,CDC 300 I,-2,10000,300,0,300,0.03,56,0,56,N2 Probe,32.65774155,,,,
SpikeEluent,2021-05-12,2021-05-13,SpikeEluent,Sanigen,CDC,Sample,CDC 300 II,-3,10000,300,0,300,0.03,6,0,6,N2 Probe,36.31821442,,,,
SpikeEluent,2021-05-12,2021-05-13,SpikeEluent,Sanigen,CDC,Sample,CDC 300 II,-3,10000,300,0,300,0.03,6,0,6,N2 Probe,36.6777153,,,,
SpikeEluent,2021-05-12,2021-05-13,SpikeEluent,Sanigen,CDC,Sample,CDC 300 III,-4,10000,300,0,300,0.03,1,0,1,N2 Probe,Undetermined,,,,
SpikeEluent,2021-05-12,2021-05-13,SpikeEluent,Sanigen,CDC,Sample,CDC 300 III,-4,10000,300,0,300,0.03,1,0,1,N2 Probe,37.1505928,,,,
SpikeEluent,2021-05-12,2021-05-13,SpikeEluent,Sanigen,NTP,Sample,CERES 300 I,-2,10000,300,0,300,0.03,56,0,56,N1 Probe,31.30559158,,,,
SpikeEluent,2021-05-12,2021-05-13,SpikeEluent,Sanigen,NTP,Sample,CERES 300 I,-2,10000,300,0,300,0.03,56,0,56,N1 Probe,31.58745384,,,,
SpikeEluent,2021-05-12,2021-05-13,SpikeEluent,Sanigen,NTP,Sample,CERES 300 II,-3,10000,300,0,300,0.03,6,0,6,N1 Probe,34.87482452,,,,
SpikeEluent,2021-05-12,2021-05-13,SpikeEluent,Sanigen,NTP,Sample,CERES 300 II,-3,10000,300,0,300,0.03,6,0,6,N1 Probe,35.24132156,,,,
SpikeEluent,2021-05-12,2021-05-13,SpikeEluent,Sanigen,NTP,Sample,CERES 300  III,-4,10000,300,0,300,0.03,1,0,1,N1 Probe,38.33147812,,,,
SpikeEluent,2021-05-12,2021-05-13,SpikeEluent,Sanigen,NTP,Sample,CERES 300  III,-4,10000,300,0,300,0.03,1,0,1,N1 Probe,38.48987579,,,,
SpikeEluent,2021-05-12,2021-05-13,SpikeEluent,Sanigen,NTP,Sample,CERES 300 I,-2,10000,300,0,300,0.03,56,0,56,N2 Probe,33.01033783,,,,
SpikeEluent,2021-05-12,2021-05-13,SpikeEluent,Sanigen,NTP,Sample,CERES 300 I,-2,10000,300,0,300,0.03,56,0,56,N2 Probe,32.61405182,,,,
SpikeEluent,2021-05-12,2021-05-13,SpikeEluent,Sanigen,NTP,Sample,CERES 300 II,-3,10000,300,0,300,0.03,6,0,6,N2 Probe,36.32413101,,,,
SpikeEluent,2021-05-12,2021-05-13,SpikeEluent,Sanigen,NTP,Sample,CERES 300 II,-3,10000,300,0,300,0.03,6,0,6,N2 Probe,35.45281601,,,,
SpikeEluent,2021-05-12,2021-05-13,SpikeEluent,Sanigen,NTP,Sample,CERES 300  III,-4,10000,300,0,300,0.03,1,0,1,N2 Probe,Undetermined,,,,
SpikeEluent,2021-05-12,2021-05-13,SpikeEluent,Sanigen,NTP,Sample,CERES 300  III,-4,10000,300,0,300,0.03,1,0,1,N2 Probe,Undetermined,,,,
SpikeEluent,2021-05-12,2021-05-13,SpikeEluent,Sanigen,NTP,Sample,CERES 1000 I,-2,10000,1000,0,1000,0.1,187,0,187,N1 Probe,29.04892731,,,,
SpikeEluent,2021-05-12,2021-05-13,SpikeEluent,Sanigen,NTP,Sample,CERES 1000 I,-2,10000,1000,0,1000,0.1,187,0,187,N1 Probe,29.75317001,,,,
SpikeEluent,2021-05-12,2021-05-13,SpikeEluent,Sanigen,NTP,Sample,CERES 1000 II,-3,10000,1000,0,1000,0.1,19,0,19,N1 Probe,32.56644058,,,,
SpikeEluent,2021-05-12,2021-05-13,SpikeEluent,Sanigen,NTP,Sample,CERES 1000 II,-3,10000,1000,0,1000,0.1,19,0,19,N1 Probe,32.28895187,,,,
SpikeEluent,2021-05-12,2021-05-13,SpikeEluent,Sanigen,NTP,Sample,CERES 1000 III,-4,10000,1000,0,1000,0.1,2,0,2,N1 Probe,36.72367096,,,,
SpikeEluent,2021-05-12,2021-05-13,SpikeEluent,Sanigen,NTP,Sample,CERES 1000 III,-4,10000,1000,0,1000,0.1,2,0,2,N1 Probe,Undetermined,,,,
SpikeEluent,2021-05-12,2021-05-13,SpikeEluent,Sanigen,NTP,Sample,CERES 1000 I,-2,10000,1000,0,1000,0.1,187,0,187,N2 Probe,31.30641556,,,,
SpikeEluent,2021-05-12,2021-05-13,SpikeEluent,Sanigen,NTP,Sample,CERES 1000 I,-2,10000,1000,0,1000,0.1,187,0,187,N2 Probe,30.85749245,,,,
SpikeEluent,2021-05-12,2021-05-13,SpikeEluent,Sanigen,NTP,Sample,CERES 1000 II,-3,10000,1000,0,1000,0.1,19,0,19,N2 Probe,33.74842072,,,,
SpikeEluent,2021-05-12,2021-05-13,SpikeEluent,Sanigen,NTP,Sample,CERES 1000 II,-3,10000,1000,0,1000,0.1,19,0,19,N2 Probe,33.87260818,,,,
SpikeEluent,2021-05-12,2021-05-13,SpikeEluent,Sanigen,NTP,Sample,CERES 1000 III,-4,10000,1000,0,1000,0.1,2,0,2,N2 Probe,37.55313492,,,,
SpikeEluent,2021-05-12,2021-05-13,SpikeEluent,Sanigen,NTP,Sample,CERES 1000 III,-4,10000,1000,0,1000,0.1,2,0,2,N2 Probe,37.27983856,,,,
SpikeEluent,2021-05-12,2021-05-13,SpikeEluent,Sanigen,NTP,Eluent,CERES BR II,-3,10000,8300,-2220,6080,0.608,187,41,146,N1 Probe,31.52396584,,,,
SpikeEluent,2021-05-12,2021-05-13,SpikeEluent,Sanigen,NTP,Eluent,CERES BR II,-3,10000,8300,-2220,6080,0.608,187,41,146,N1 Probe,31.3794384,,,,
SpikeEluent,2021-05-12,2021-05-13,SpikeEluent,Sanigen,NTP,Eluent,CERES BR II,-3,10000,8300,-2220,6080,0.608,187,41,146,N2 Probe,33.63861084,,,,
SpikeEluent,2021-05-12,2021-05-13,SpikeEluent,Sanigen,NTP,Eluent,CERES BR II,-3,10000,8300,-2220,6080,0.608,187,41,146,N2 Probe,33.88763046,,,,
SpikeEluent,2021-05-12,2021-05-13,SpikeEluent,Sanigen,CDC,SD,CDC -5,-5,10000,120,0,120,0.012,84,0,84,N1 Probe,32.99782944,,,,
SpikeEluent,2021-05-12,2021-05-13,SpikeEluent,Sanigen,CDC,SD,CDC -4,-4,10000,120,0,120,0.012,840,0,840,N1 Probe,29.74081612,,,,
SpikeEluent,2021-05-12,2021-05-13,SpikeEluent,Sanigen,CDC,SD,CDC -3,-3,10000,120,0,120,0.012,8400,0,8400,N1 Probe,26.32948685,,,,
SpikeEluent,2021-05-12,2021-05-13,SpikeEluent,Sanigen,CDC,SD,CDC -2,-2,10000,120,0,120,0.012,84000,0,84000,N1 Probe,23.39624214,,,,
SpikeEluent,2021-05-12,2021-05-13,SpikeEluent,Sanigen,CDC,SD,CDC -5,-5,10000,120,0,120,0.012,84,0,84,N2 Probe,34.92764664,,,,
SpikeEluent,2021-05-12,2021-05-13,SpikeEluent,Sanigen,CDC,SD,CDC -4,-4,10000,120,0,120,0.012,840,0,840,N2 Probe,31.23793983,,,,
SpikeEluent,2021-05-12,2021-05-13,SpikeEluent,Sanigen,CDC,SD,CDC -3,-3,10000,120,0,120,0.012,8400,0,8400,N2 Probe,27.13711739,,,,
SpikeEluent,2021-05-12,2021-05-13,SpikeEluent,Sanigen,CDC,SD,CDC -2,-2,10000,120,0,120,0.012,84000,0,84000,N2 Probe,22.44614601,,,,
SpikeEluent,2021-05-12,2021-05-13,SpikeEluent,Sanigen,NTP,SD,CERES -5,-5,10000,500,0,500,0.05,84,0,84,N1 Probe,31.02324295,,,,
SpikeEluent,2021-05-12,2021-05-13,SpikeEluent,Sanigen,NTP,SD,CERES -4,-4,10000,500,0,500,0.05,840,0,840,N1 Probe,27.05923843,,,,
SpikeEluent,2021-05-12,2021-05-13,SpikeEluent,Sanigen,NTP,SD,CERES -3,-3,10000,500,0,500,0.05,8400,0,8400,N1 Probe,24.41358376,,,,
SpikeEluent,2021-05-12,2021-05-13,SpikeEluent,Sanigen,NTP,SD,CERES -2,-2,10000,500,0,500,0.05,84000,0,84000,N1 Probe,Undetermined,,,,
SpikeEluent,2021-05-12,2021-05-13,SpikeEluent,Sanigen,NTP,SD,CERES -5,-5,10000,500,0,500,0.05,84,0,84,N2 Probe,32.43193054,,,,
SpikeEluent,2021-05-12,2021-05-13,SpikeEluent,Sanigen,NTP,SD,CERES -4,-4,10000,500,0,500,0.05,840,0,840,N2 Probe,28.24741364,,,,
SpikeEluent,2021-05-12,2021-05-13,SpikeEluent,Sanigen,NTP,SD,CERES -3,-3,10000,500,0,500,0.05,8400,0,8400,N2 Probe,25.58717346,,,,
SpikeEluent,2021-05-12,2021-05-13,SpikeEluent,Sanigen,NTP,SD,CERES -2,-2,10000,500,0,500,0.05,84000,0,84000,N2 Probe,22.42395973,,,,
SpikeEluent,2021-05-12,2021-05-13,SpikeEluent,Sanigen,NTP,Eluent,CERES BR III,-4,10000,8400,-2220,6180,0.618,19,4,15,N1 Probe,34.99212265,,,,
SpikeEluent,2021-05-12,2021-05-13,SpikeEluent,Sanigen,NTP,Eluent,CERES BR III,-4,10000,8400,-2220,6180,0.618,19,4,15,N1 Probe,34.98032379,,,,
SpikeEluent,2021-05-12,2021-05-13,SpikeEluent,Sanigen,NTP,Eluent,CERES BR III,-4,10000,8400,-2220,6180,0.618,19,4,15,N2 Probe,36.77603149,,,,
SpikeEluent,2021-05-12,2021-05-13,SpikeEluent,Sanigen,NTP,Eluent,CERES BR III,-4,10000,8400,-2220,6180,0.618,19,4,15,N2 Probe,36.41950607,,,,
SpikeEluent,2021-05-17,2021-05-18,SpikeEluent,Sanigen,NTP,Eluent,CERES BR I,-2,10000,8400,-2220,6180,0.618,1867,414,1453,N1 Probe,27.03982925,,,,
SpikeEluent,2021-05-17,2021-05-18,SpikeEluent,Sanigen,NTP,Eluent,CERES BR I,-2,10000,8400,-2220,6180,0.618,1867,414,1453,N1 Probe,27.00704956,,,,
SpikeEluent,2021-05-17,2021-05-18,SpikeEluent,Sanigen,NTP,Eluent,CERES BR I,-2,10000,8400,-2220,6180,0.618,1867,414,1453,N2 Probe,30.3462162,,,,
SpikeEluent,2021-05-17,2021-05-18,SpikeEluent,Sanigen,NTP,Eluent,CERES BR I,-2,10000,8400,-2220,6180,0.618,1867,414,1453,N2 Probe,30.31621361,,,,
SpikeEluent,2021-05-17,2021-05-18,SpikeEluent,Sanigen,NTP,Eluent,CERES BR II,-3,10000,8300,-2220,6080,0.608,187,41,146,N1 Probe,30.26508713,,,,
SpikeEluent,2021-05-17,2021-05-18,SpikeEluent,Sanigen,NTP,Eluent,CERES BR II,-3,10000,8300,-2220,6080,0.608,187,41,146,N1 Probe,Undetermined,,,,
SpikeEluent,2021-05-17,2021-05-18,SpikeEluent,Sanigen,NTP,Eluent,CERES BR II,-3,10000,8300,-2220,6080,0.608,187,41,146,N2 Probe,32.56261826,,,,
SpikeEluent,2021-05-17,2021-05-18,SpikeEluent,Sanigen,NTP,Eluent,CERES BR II,-3,10000,8300,-2220,6080,0.608,187,41,146,N2 Probe,32.91190338,,,,
SpikeEluent,2021-05-17,2021-05-18,SpikeEluent,Sanigen,CDC,Sample,CDC 120 I,-2,10000,120,0,120,0.012,22,0,22,N1 Probe,32.07210541,,,,
SpikeEluent,2021-05-17,2021-05-18,SpikeEluent,Sanigen,CDC,Sample,CDC 120 I,-2,10000,120,0,120,0.012,22,0,22,N1 Probe,31.72496986,,,,
SpikeEluent,2021-05-17,2021-05-18,SpikeEluent,Sanigen,CDC,Sample,CDC 120 II,-3,10000,120,0,120,0.012,2,0,2,N1 Probe,33.93254852,,,,
SpikeEluent,2021-05-17,2021-05-18,SpikeEluent,Sanigen,CDC,Sample,CDC 120 II,-3,10000,120,0,120,0.012,2,0,2,N1 Probe,33.96613312,,,,
SpikeEluent,2021-05-17,2021-05-18,SpikeEluent,Sanigen,CDC,Sample,CDC 120 III,-4,10000,120,0,120,0.012,0.224,0,0.224,N1 Probe,36.55300903,,,,
SpikeEluent,2021-05-17,2021-05-18,SpikeEluent,Sanigen,CDC,Sample,CDC 120 III,-4,10000,120,0,120,0.012,0.224,0,0.224,N1 Probe,36.67294693,,,,
SpikeEluent,2021-05-17,2021-05-18,SpikeEluent,Sanigen,CDC,Sample,CDC 120 I,-2,10000,120,0,120,0.012,22,0,22,N2 Probe,34.01306152,,,,
SpikeEluent,2021-05-17,2021-05-18,SpikeEluent,Sanigen,CDC,Sample,CDC 120 I,-2,10000,120,0,120,0.012,22,0,22,N2 Probe,34.43225098,,,,
SpikeEluent,2021-05-17,2021-05-18,SpikeEluent,Sanigen,CDC,Sample,CDC 120 II,-3,10000,120,0,120,0.012,2,0,2,N2 Probe,36.80561447,,,,
SpikeEluent,2021-05-17,2021-05-18,SpikeEluent,Sanigen,CDC,Sample,CDC 120 II,-3,10000,120,0,120,0.012,2,0,2,N2 Probe,37.50571442,,,,
SpikeEluent,2021-05-17,2021-05-18,SpikeEluent,Sanigen,CDC,Sample,CDC 120 III,-4,10000,120,0,120,0.012,0.224,0,0.224,N2 Probe,Undetermined,,,,
SpikeEluent,2021-05-17,2021-05-18,SpikeEluent,Sanigen,CDC,Sample,CDC 120 III,-4,10000,120,0,120,0.012,0.224,0,0.224,N2 Probe,Undetermined,,,,
SpikeEluent,2021-05-17,2021-05-18,SpikeEluent,Sanigen,CDC,Sample,CDC 300 I,-2,10000,300,0,300,0.03,56,0,56,N1 Probe,31.42407036,,,,
SpikeEluent,2021-05-17,2021-05-18,SpikeEluent,Sanigen,CDC,Sample,CDC 300 I,-2,10000,300,0,300,0.03,56,0,56,N1 Probe,31.60836601,,,,
SpikeEluent,2021-05-17,2021-05-18,SpikeEluent,Sanigen,CDC,Sample,CDC 300 II,-3,10000,300,0,300,0.03,6,0,6,N1 Probe,33.16976547,,,,
SpikeEluent,2021-05-17,2021-05-18,SpikeEluent,Sanigen,CDC,Sample,CDC 300 II,-3,10000,300,0,300,0.03,6,0,6,N1 Probe,34.37409592,,,,
SpikeEluent,2021-05-17,2021-05-18,SpikeEluent,Sanigen,CDC,Sample,CDC 300 III,-4,10000,300,0,300,0.03,1,0,1,N1 Probe,37.38142014,,,,
SpikeEluent,2021-05-17,2021-05-18,SpikeEluent,Sanigen,CDC,Sample,CDC 300 III,-4,10000,300,0,300,0.03,1,0,1,N1 Probe,37.0246048,,,,
SpikeEluent,2021-05-17,2021-05-18,SpikeEluent,Sanigen,CDC,Sample,CDC 300 I,-2,10000,300,0,300,0.03,56,0,56,N2 Probe,33.9969368,,,,
SpikeEluent,2021-05-17,2021-05-18,SpikeEluent,Sanigen,CDC,Sample,CDC 300 I,-2,10000,300,0,300,0.03,56,0,56,N2 Probe,33.82187653,,,,
SpikeEluent,2021-05-17,2021-05-18,SpikeEluent,Sanigen,CDC,Sample,CDC 300 II,-3,10000,300,0,300,0.03,6,0,6,N2 Probe,36.19091797,,,,
SpikeEluent,2021-05-17,2021-05-18,SpikeEluent,Sanigen,CDC,Sample,CDC 300 II,-3,10000,300,0,300,0.03,6,0,6,N2 Probe,36.41191483,,,,
SpikeEluent,2021-05-17,2021-05-18,SpikeEluent,Sanigen,CDC,Sample,CDC 300 III,-4,10000,300,0,300,0.03,1,0,1,N2 Probe,39.16262436,,,,
SpikeEluent,2021-05-17,2021-05-18,SpikeEluent,Sanigen,CDC,Sample,CDC 300 III,-4,10000,300,0,300,0.03,1,0,1,N2 Probe,Undetermined,,,,
SpikeEluent,2021-05-17,2021-05-18,SpikeEluent,Sanigen,NTP,Sample,CERES 300 I,-2,10000,300,0,300,0.03,56,0,56,N1 Probe,31.06983948,,,,
SpikeEluent,2021-05-17,2021-05-18,SpikeEluent,Sanigen,NTP,Sample,CERES 300 I,-2,10000,300,0,300,0.03,56,0,56,N1 Probe,31.1272316,,,,
SpikeEluent,2021-05-17,2021-05-18,SpikeEluent,Sanigen,NTP,Sample,CERES 300 II,-3,10000,300,0,300,0.03,6,0,6,N1 Probe,33.17088699,,,,
SpikeEluent,2021-05-17,2021-05-18,SpikeEluent,Sanigen,NTP,Sample,CERES 300 II,-3,10000,300,0,300,0.03,6,0,6,N1 Probe,34.00197601,,,,
SpikeEluent,2021-05-17,2021-05-18,SpikeEluent,Sanigen,NTP,Sample,CERES 300  III,-4,10000,300,0,300,0.03,1,0,1,N1 Probe,36.09968185,,,,
SpikeEluent,2021-05-17,2021-05-18,SpikeEluent,Sanigen,NTP,Sample,CERES 300  III,-4,10000,300,0,300,0.03,1,0,1,N1 Probe,37.13433075,,,,
SpikeEluent,2021-05-17,2021-05-18,SpikeEluent,Sanigen,NTP,Sample,CERES 300 I,-2,10000,300,0,300,0.03,56,0,56,N2 Probe,33.89473343,,,,
SpikeEluent,2021-05-17,2021-05-18,SpikeEluent,Sanigen,NTP,Sample,CERES 300 I,-2,10000,300,0,300,0.03,56,0,56,N2 Probe,33.72701263,,,,
SpikeEluent,2021-05-17,2021-05-18,SpikeEluent,Sanigen,NTP,Sample,CERES 300 II,-3,10000,300,0,300,0.03,6,0,6,N2 Probe,36.70477676,,,,
SpikeEluent,2021-05-17,2021-05-18,SpikeEluent,Sanigen,NTP,Sample,CERES 300 II,-3,10000,300,0,300,0.03,6,0,6,N2 Probe,36.65752029,,,,
SpikeEluent,2021-05-17,2021-05-18,SpikeEluent,Sanigen,NTP,Sample,CERES 300  III,-4,10000,300,0,300,0.03,1,0,1,N2 Probe,41.44214249,,,,
SpikeEluent,2021-05-17,2021-05-18,SpikeEluent,Sanigen,NTP,Sample,CERES 300  III,-4,10000,300,0,300,0.03,1,0,1,N2 Probe,39.03287125,,,,
SpikeEluent,2021-05-17,2021-05-18,SpikeEluent,Sanigen,NTP,Sample,CERES 1000 I,-2,10000,1000,0,1000,0.1,187,0,187,N1 Probe,28.67524338,,,,
SpikeEluent,2021-05-17,2021-05-18,SpikeEluent,Sanigen,NTP,Sample,CERES 1000 I,-2,10000,1000,0,1000,0.1,187,0,187,N1 Probe,28.83558655,,,,
SpikeEluent,2021-05-17,2021-05-18,SpikeEluent,Sanigen,NTP,Sample,CERES 1000 II,-3,10000,1000,0,1000,0.1,19,0,19,N1 Probe,31.97058105,,,,
SpikeEluent,2021-05-17,2021-05-18,SpikeEluent,Sanigen,NTP,Sample,CERES 1000 II,-3,10000,1000,0,1000,0.1,19,0,19,N1 Probe,31.94497681,,,,
SpikeEluent,2021-05-17,2021-05-18,SpikeEluent,Sanigen,NTP,Sample,CERES 1000 III,-4,10000,1000,0,1000,0.1,2,0,2,N1 Probe,36.89824677,,,,
SpikeEluent,2021-05-17,2021-05-18,SpikeEluent,Sanigen,NTP,Sample,CERES 1000 III,-4,10000,1000,0,1000,0.1,2,0,2,N1 Probe,36.06774902,,,,
SpikeEluent,2021-05-17,2021-05-18,SpikeEluent,Sanigen,NTP,Sample,CERES 1000 I,-2,10000,1000,0,1000,0.1,187,0,187,N2 Probe,31.60865402,,,,
SpikeEluent,2021-05-17,2021-05-18,SpikeEluent,Sanigen,NTP,Sample,CERES 1000 I,-2,10000,1000,0,1000,0.1,187,0,187,N2 Probe,31.65284157,,,,
SpikeEluent,2021-05-17,2021-05-18,SpikeEluent,Sanigen,NTP,Sample,CERES 1000 II,-3,10000,1000,0,1000,0.1,19,0,19,N2 Probe,34.45907593,,,,
SpikeEluent,2021-05-17,2021-05-18,SpikeEluent,Sanigen,NTP,Sample,CERES 1000 II,-3,10000,1000,0,1000,0.1,19,0,19,N2 Probe,34.50681686,,,,
SpikeEluent,2021-05-17,2021-05-18,SpikeEluent,Sanigen,NTP,Sample,CERES 1000 III,-4,10000,1000,0,1000,0.1,2,0,2,N2 Probe,39.87150574,,,,
SpikeEluent,2021-05-17,2021-05-18,SpikeEluent,Sanigen,NTP,Sample,CERES 1000 III,-4,10000,1000,0,1000,0.1,2,0,2,N2 Probe,38.12870789,,,,
SpikeEluent,2021-05-17,2021-05-18,SpikeEluent,Sanigen,CDC,SD,CDC -5,-5,10000,120,0,120,0.012,84,0,84,N1 Probe,32.34685898,,,,
SpikeEluent,2021-05-17,2021-05-18,SpikeEluent,Sanigen,CDC,SD,CDC -4,-4,10000,120,0,120,0.012,840,0,840,N1 Probe,29.18635941,,,,
SpikeEluent,2021-05-17,2021-05-18,SpikeEluent,Sanigen,CDC,SD,CDC -3,-3,10000,120,0,120,0.012,8400,0,8400,N1 Probe,25.97799873,,,,
SpikeEluent,2021-05-17,2021-05-18,SpikeEluent,Sanigen,CDC,SD,CDC -2,-2,10000,120,0,120,0.012,84000,0,84000,N1 Probe,23.84811592,,,,
SpikeEluent,2021-05-17,2021-05-18,SpikeEluent,Sanigen,CDC,SD,CDC -5,-5,10000,120,0,120,0.012,84,0,84,N2 Probe,34.4480896,,,,
SpikeEluent,2021-05-17,2021-05-18,SpikeEluent,Sanigen,CDC,SD,CDC -4,-4,10000,120,0,120,0.012,840,0,840,N2 Probe,30.86818695,,,,
SpikeEluent,2021-05-17,2021-05-18,SpikeEluent,Sanigen,CDC,SD,CDC -3,-3,10000,120,0,120,0.012,8400,0,8400,N2 Probe,27.2138958,,,,
SpikeEluent,2021-05-17,2021-05-18,SpikeEluent,Sanigen,CDC,SD,CDC -2,-2,10000,120,0,120,0.012,84000,0,84000,N2 Probe,23.49303818,,,,
SpikeEluent,2021-05-17,2021-05-18,SpikeEluent,Sanigen,NTP,SD,CERES -5,-5,10000,500,0,500,0.05,84,0,84,N1 Probe,29.66726112,,,,
SpikeEluent,2021-05-17,2021-05-18,SpikeEluent,Sanigen,NTP,SD,CERES -4,-4,10000,500,0,500,0.05,840,0,840,N1 Probe,26.83685303,,,,
SpikeEluent,2021-05-17,2021-05-18,SpikeEluent,Sanigen,NTP,SD,CERES -3,-3,10000,500,0,500,0.05,8400,0,8400,N1 Probe,23.51794815,,,,
SpikeEluent,2021-05-17,2021-05-18,SpikeEluent,Sanigen,NTP,SD,CERES -2,-2,10000,500,0,500,0.05,84000,0,84000,N1 Probe,20.72045517,,,,
SpikeEluent,2021-05-17,2021-05-18,SpikeEluent,Sanigen,NTP,SD,CERES -5,-5,10000,500,0,500,0.05,84,0,84,N2 Probe,31.66918564,,,,
SpikeEluent,2021-05-17,2021-05-18,SpikeEluent,Sanigen,NTP,SD,CERES -4,-4,10000,500,0,500,0.05,840,0,840,N2 Probe,28.0884304,,,,
SpikeEluent,2021-05-17,2021-05-18,SpikeEluent,Sanigen,NTP,SD,CERES -3,-3,10000,500,0,500,0.05,8400,0,8400,N2 Probe,25.30267525,,,,
SpikeEluent,2021-05-17,2021-05-18,SpikeEluent,Sanigen,NTP,SD,CERES -2,-2,10000,500,0,500,0.05,84000,0,84000,N2 Probe,22.42443275,,,,
SpikeEluent,2021-05-17,2021-05-18,SpikeEluent,Sanigen,NTP,Eluent,CERES BR III,-4,10000,8200,-2220,5980,0.598,19,4,15,N1 Probe,30.42544365,,,,
SpikeEluent,2021-05-17,2021-05-18,SpikeEluent,Sanigen,NTP,Eluent,CERES BR III,-4,10000,8200,-2220,5980,0.598,19,4,15,N1 Probe,30.76145554,,,,
SpikeEluent,2021-05-17,2021-05-18,SpikeEluent,Sanigen,NTP,Eluent,CERES BR III,-4,10000,8200,-2220,5980,0.598,19,4,15,N2 Probe,33.34073639,,,,
SpikeEluent,2021-05-17,2021-05-18,SpikeEluent,Sanigen,NTP,Eluent,CERES BR III,-4,10000,8200,-2220,5980,0.598,19,4,15,N2 Probe,33.23085022,,,,
SpikeEluent,2021-05-27,2021-05-28,SpikeEluent,Sanigen,NTP,SD,CERES -2,-2,10000,500,0,500,0.05,84000,0,84000,N2 Probe,20.38858414,,,,
SpikeEluent,2021-05-27,2021-05-28,SpikeEluent,Sanigen,NTP,Eluent,CERES BR I,-2,10000,7500,-2220,5280,0.528,1867,414,1453,N1 Probe,33.36473083,,,,
SpikeEluent,2021-05-27,2021-05-28,SpikeEluent,Sanigen,NTP,Eluent,CERES BR I,-2,10000,7500,-2220,5280,0.528,1867,414,1453,N1 Probe,33.24329376,,,,
SpikeEluent,2021-05-27,2021-05-28,SpikeEluent,Sanigen,NTP,Eluent,CERES BR I,-2,10000,7500,-2220,5280,0.528,1867,414,1453,N2 Probe,34.97620773,,,,
SpikeEluent,2021-05-27,2021-05-28,SpikeEluent,Sanigen,NTP,Eluent,CERES BR I,-2,10000,7500,-2220,5280,0.528,1867,414,1453,N2 Probe,33.79788971,,,,
SpikeEluent,2021-05-27,2021-05-28,SpikeEluent,Sanigen,NTP,Eluent,CERES BR II,-3,10000,8100,-2220,5880,0.588,187,41,146,N1 Probe,30.27830696,,,,
SpikeEluent,2021-05-27,2021-05-28,SpikeEluent,Sanigen,NTP,Eluent,CERES BR II,-3,10000,8100,-2220,5880,0.588,187,41,146,N1 Probe,30.28449631,,,,
SpikeEluent,2021-05-27,2021-05-28,SpikeEluent,Sanigen,NTP,Eluent,CERES BR II,-3,10000,8100,-2220,5880,0.588,187,41,146,N2 Probe,30.61590576,,,,
SpikeEluent,2021-05-27,2021-05-28,SpikeEluent,Sanigen,NTP,Eluent,CERES BR II,-3,10000,8100,-2220,5880,0.588,187,41,146,N2 Probe,30.89227867,,,,
SpikeEluent,2021-05-27,2021-05-28,SpikeEluent,Sanigen,CDC,Sample,CDC 120 I,-2,10000,120,0,120,0.012,22,0,22,N1 Probe,31.27490616,,,,
SpikeEluent,2021-05-27,2021-05-28,SpikeEluent,Sanigen,CDC,Sample,CDC 120 I,-2,10000,120,0,120,0.012,22,0,22,N1 Probe,31.20680046,,,,
SpikeEluent,2021-05-27,2021-05-28,SpikeEluent,Sanigen,CDC,Sample,CDC 120 II,-3,10000,120,0,120,0.012,2,0,2,N1 Probe,33.90679932,,,,
SpikeEluent,2021-05-27,2021-05-28,SpikeEluent,Sanigen,CDC,Sample,CDC 120 II,-3,10000,120,0,120,0.012,2,0,2,N1 Probe,Undetermined,,,,
SpikeEluent,2021-05-27,2021-05-28,SpikeEluent,Sanigen,CDC,Sample,CDC 120 III,-4,10000,120,0,120,0.012,0.224,0,0.224,N1 Probe,Undetermined,,,,
SpikeEluent,2021-05-27,2021-05-28,SpikeEluent,Sanigen,CDC,Sample,CDC 120 III,-4,10000,120,0,120,0.012,0.224,0,0.224,N1 Probe,Undetermined,,,,
SpikeEluent,2021-05-27,2021-05-28,SpikeEluent,Sanigen,CDC,Sample,CDC 120 I,-2,10000,120,0,120,0.012,22,0,22,N2 Probe,32.79441833,,,,
SpikeEluent,2021-05-27,2021-05-28,SpikeEluent,Sanigen,CDC,Sample,CDC 120 I,-2,10000,120,0,120,0.012,22,0,22,N2 Probe,32.0834465,,,,
SpikeEluent,2021-05-27,2021-05-28,SpikeEluent,Sanigen,CDC,Sample,CDC 120 II,-3,10000,120,0,120,0.012,2,0,2,N2 Probe,34.67011261,,,,
SpikeEluent,2021-05-27,2021-05-28,SpikeEluent,Sanigen,CDC,Sample,CDC 120 II,-3,10000,120,0,120,0.012,2,0,2,N2 Probe,38.35084152,,,,
SpikeEluent,2021-05-27,2021-05-28,SpikeEluent,Sanigen,CDC,Sample,CDC 120 III,-4,10000,120,0,120,0.012,0.224,0,0.224,N2 Probe,Undetermined,,,,
SpikeEluent,2021-05-27,2021-05-28,SpikeEluent,Sanigen,CDC,Sample,CDC 120 III,-4,10000,120,0,120,0.012,0.224,0,0.224,N2 Probe,36.83930206,,,,
SpikeEluent,2021-05-27,2021-05-28,SpikeEluent,Sanigen,CDC,Sample,CDC 300 I,-2,10000,300,0,300,0.03,56,0,56,N1 Probe,30.284935,,,,
SpikeEluent,2021-05-27,2021-05-28,SpikeEluent,Sanigen,CDC,Sample,CDC 300 I,-2,10000,300,0,300,0.03,56,0,56,N1 Probe,30.41918182,,,,
SpikeEluent,2021-05-27,2021-05-28,SpikeEluent,Sanigen,CDC,Sample,CDC 300 II,-3,10000,300,0,300,0.03,6,0,6,N1 Probe,33.18966293,,,,
SpikeEluent,2021-05-27,2021-05-28,SpikeEluent,Sanigen,CDC,Sample,CDC 300 II,-3,10000,300,0,300,0.03,6,0,6,N1 Probe,33.91235733,,,,
SpikeEluent,2021-05-27,2021-05-28,SpikeEluent,Sanigen,CDC,Sample,CDC 300 III,-4,10000,300,0,300,0.03,1,0,1,N1 Probe,36.24487686,,,,
SpikeEluent,2021-05-27,2021-05-28,SpikeEluent,Sanigen,CDC,Sample,CDC 300 III,-4,10000,300,0,300,0.03,1,0,1,N1 Probe,Undetermined,,,,
SpikeEluent,2021-05-27,2021-05-28,SpikeEluent,Sanigen,CDC,Sample,CDC 300 I,-2,10000,300,0,300,0.03,56,0,56,N2 Probe,31.56863022,,,,
SpikeEluent,2021-05-27,2021-05-28,SpikeEluent,Sanigen,CDC,Sample,CDC 300 I,-2,10000,300,0,300,0.03,56,0,56,N2 Probe,31.00752068,,,,
SpikeEluent,2021-05-27,2021-05-28,SpikeEluent,Sanigen,CDC,Sample,CDC 300 II,-3,10000,300,0,300,0.03,6,0,6,N2 Probe,34.78104401,,,,
SpikeEluent,2021-05-27,2021-05-28,SpikeEluent,Sanigen,CDC,Sample,CDC 300 II,-3,10000,300,0,300,0.03,6,0,6,N2 Probe,33.98243713,,,,
SpikeEluent,2021-05-27,2021-05-28,SpikeEluent,Sanigen,CDC,Sample,CDC 300 III,-4,10000,300,0,300,0.03,1,0,1,N2 Probe,35.42851257,,,,
SpikeEluent,2021-05-27,2021-05-28,SpikeEluent,Sanigen,CDC,Sample,CDC 300 III,-4,10000,300,0,300,0.03,1,0,1,N2 Probe,37.25188065,,,,
SpikeEluent,2021-05-27,2021-05-28,SpikeEluent,Sanigen,NTP,Sample,CERES 300 I,-2,10000,300,0,300,0.03,56,0,56,N1 Probe,30.50609398,,,,
SpikeEluent,2021-05-27,2021-05-28,SpikeEluent,Sanigen,NTP,Sample,CERES 300 I,-2,10000,300,0,300,0.03,56,0,56,N1 Probe,30.59042358,,,,
SpikeEluent,2021-05-27,2021-05-28,SpikeEluent,Sanigen,NTP,Sample,CERES 300 II,-3,10000,300,0,300,0.03,6,0,6,N1 Probe,33.22591782,,,,
SpikeEluent,2021-05-27,2021-05-28,SpikeEluent,Sanigen,NTP,Sample,CERES 300 II,-3,10000,300,0,300,0.03,6,0,6,N1 Probe,33.83999252,,,,
SpikeEluent,2021-05-27,2021-05-28,SpikeEluent,Sanigen,NTP,Sample,CERES 300  III,-4,10000,300,0,300,0.03,1,0,1,N1 Probe,37.48021698,,,,
SpikeEluent,2021-05-27,2021-05-28,SpikeEluent,Sanigen,NTP,Sample,CERES 300  III,-4,10000,300,0,300,0.03,1,0,1,N1 Probe,37.11994171,,,,
SpikeEluent,2021-05-27,2021-05-28,SpikeEluent,Sanigen,NTP,Sample,CERES 300 I,-2,10000,300,0,300,0.03,56,0,56,N2 Probe,31.63211441,,,,
SpikeEluent,2021-05-27,2021-05-28,SpikeEluent,Sanigen,NTP,Sample,CERES 300 I,-2,10000,300,0,300,0.03,56,0,56,N2 Probe,31.44882965,,,,
SpikeEluent,2021-05-27,2021-05-28,SpikeEluent,Sanigen,NTP,Sample,CERES 300 II,-3,10000,300,0,300,0.03,6,0,6,N2 Probe,34.52715683,,,,
SpikeEluent,2021-05-27,2021-05-28,SpikeEluent,Sanigen,NTP,Sample,CERES 300 II,-3,10000,300,0,300,0.03,6,0,6,N2 Probe,33.85296631,,,,
SpikeEluent,2021-05-27,2021-05-28,SpikeEluent,Sanigen,NTP,Sample,CERES 300  III,-4,10000,300,0,300,0.03,1,0,1,N2 Probe,37.66266251,,,,
SpikeEluent,2021-05-27,2021-05-28,SpikeEluent,Sanigen,NTP,Sample,CERES 300  III,-4,10000,300,0,300,0.03,1,0,1,N2 Probe,37.97956848,,,,
SpikeEluent,2021-05-27,2021-05-28,SpikeEluent,Sanigen,NTP,Sample,CERES 1000 I,-2,10000,1000,0,1000,0.1,187,0,187,N1 Probe,28.21019936,,,,
SpikeEluent,2021-05-27,2021-05-28,SpikeEluent,Sanigen,NTP,Sample,CERES 1000 I,-2,10000,1000,0,1000,0.1,187,0,187,N1 Probe,28.19730186,,,,
SpikeEluent,2021-05-27,2021-05-28,SpikeEluent,Sanigen,NTP,Sample,CERES 1000 II,-3,10000,1000,0,1000,0.1,19,0,19,N1 Probe,31.28701401,,,,
SpikeEluent,2021-05-27,2021-05-28,SpikeEluent,Sanigen,NTP,Sample,CERES 1000 II,-3,10000,1000,0,1000,0.1,19,0,19,N1 Probe,32.15681458,,,,
SpikeEluent,2021-05-27,2021-05-28,SpikeEluent,Sanigen,NTP,Sample,CERES 1000 III,-4,10000,1000,0,1000,0.1,2,0,2,N1 Probe,36.69985199,,,,
SpikeEluent,2021-05-27,2021-05-28,SpikeEluent,Sanigen,NTP,Sample,CERES 1000 III,-4,10000,1000,0,1000,0.1,2,0,2,N1 Probe,35.59789276,,,,
SpikeEluent,2021-05-27,2021-05-28,SpikeEluent,Sanigen,NTP,Sample,CERES 1000 I,-2,10000,1000,0,1000,0.1,187,0,187,N2 Probe,29.64125061,,,,
SpikeEluent,2021-05-27,2021-05-28,SpikeEluent,Sanigen,NTP,Sample,CERES 1000 I,-2,10000,1000,0,1000,0.1,187,0,187,N2 Probe,29.65583611,,,,
SpikeEluent,2021-05-27,2021-05-28,SpikeEluent,Sanigen,NTP,Sample,CERES 1000 II,-3,10000,1000,0,1000,0.1,19,0,19,N2 Probe,32.287323,,,,
SpikeEluent,2021-05-27,2021-05-28,SpikeEluent,Sanigen,NTP,Sample,CERES 1000 II,-3,10000,1000,0,1000,0.1,19,0,19,N2 Probe,32.42378235,,,,
SpikeEluent,2021-05-27,2021-05-28,SpikeEluent,Sanigen,NTP,Sample,CERES 1000 III,-4,10000,1000,0,1000,0.1,2,0,2,N2 Probe,35.39690781,,,,
SpikeEluent,2021-05-27,2021-05-28,SpikeEluent,Sanigen,NTP,Sample,CERES 1000 III,-4,10000,1000,0,1000,0.1,2,0,2,N2 Probe,36.03048706,,,,
SpikeEluent,2021-05-27,2021-05-28,SpikeEluent,Sanigen,NTP,Eluent,CERES BR III,-4,10000,8100,-2220,5880,0.588,19,4,15,N1 Probe,26.75629807,,,,
SpikeEluent,2021-05-27,2021-05-28,SpikeEluent,Sanigen,NTP,Eluent,CERES BR III,-4,10000,8100,-2220,5880,0.588,19,4,15,N1 Probe,26.70481682,,,,
SpikeEluent,2021-05-27,2021-05-28,SpikeEluent,Sanigen,NTP,Eluent,CERES BR III,-4,10000,8100,-2220,5880,0.588,19,4,15,N2 Probe,27.19388199,,,,
SpikeEluent,2021-05-27,2021-05-28,SpikeEluent,Sanigen,NTP,Eluent,CERES BR III,-4,10000,8100,-2220,5880,0.588,19,4,15,N2 Probe,27.12211227,,,,
SpikeEluent,2021-05-27,2021-05-28,SpikeEluent,Sanigen,CDC,SD,CDC -5,-5,10000,120,0,120,0.012,84,0,84,N1 Probe,30.8802433,,,,
SpikeEluent,2021-05-27,2021-05-28,SpikeEluent,Sanigen,CDC,SD,CDC -4,-4,10000,120,0,120,0.012,840,0,840,N1 Probe,27.82137108,,,,
SpikeEluent,2021-05-27,2021-05-28,SpikeEluent,Sanigen,CDC,SD,CDC -3,-3,10000,120,0,120,0.012,8400,0,8400,N1 Probe,24.8638401,,,,
SpikeEluent,2021-05-27,2021-05-28,SpikeEluent,Sanigen,CDC,SD,CDC -2,-2,10000,120,0,120,0.012,84000,0,84000,N1 Probe,22.15185738,,,,
SpikeEluent,2021-05-27,2021-05-28,SpikeEluent,Sanigen,CDC,SD,CDC -5,-5,10000,120,0,120,0.012,84,0,84,N2 Probe,32.85183716,,,,
SpikeEluent,2021-05-27,2021-05-28,SpikeEluent,Sanigen,CDC,SD,CDC -4,-4,10000,120,0,120,0.012,840,0,840,N2 Probe,28.5601387,,,,
SpikeEluent,2021-05-27,2021-05-28,SpikeEluent,Sanigen,CDC,SD,CDC -3,-3,10000,120,0,120,0.012,8400,0,8400,N2 Probe,25.04902458,,,,
SpikeEluent,2021-05-27,2021-05-28,SpikeEluent,Sanigen,CDC,SD,CDC -2,-2,10000,120,0,120,0.012,84000,0,84000,N2 Probe,20.87059212,,,,
SpikeEluent,2021-05-27,2021-05-28,SpikeEluent,Sanigen,NTP,SD,CERES -5,-5,10000,500,0,500,0.05,84,0,84,N1 Probe,28.96554947,,,,
SpikeEluent,2021-05-27,2021-05-28,SpikeEluent,Sanigen,NTP,SD,CERES -4,-4,10000,500,0,500,0.05,840,0,840,N1 Probe,25.87874603,,,,
SpikeEluent,2021-05-27,2021-05-28,SpikeEluent,Sanigen,NTP,SD,CERES -3,-3,10000,500,0,500,0.05,8400,0,8400,N1 Probe,23.3794651,,,,
SpikeEluent,2021-05-27,2021-05-28,SpikeEluent,Sanigen,NTP,SD,CERES -2,-2,10000,500,0,500,0.05,84000,0,84000,N1 Probe,20.15223694,,,,
SpikeEluent,2021-05-27,2021-05-28,SpikeEluent,Sanigen,NTP,SD,CERES -5,-5,10000,500,0,500,0.05,84,0,84,N2 Probe,30.20480537,,,,
SpikeEluent,2021-05-27,2021-05-28,SpikeEluent,Sanigen,NTP,SD,CERES -4,-4,10000,500,0,500,0.05,840,0,840,N2 Probe,26.37081718,,,,
SpikeEluent,2021-05-27,2021-05-28,SpikeEluent,Sanigen,NTP,SD,CERES -3,-3,10000,500,0,500,0.05,8400,0,8400,N2 Probe,23.69051361,,,,
SurfaceSampling,2021-09-29,2021-09-30,Phase2,Sanigen,PCR,CTRL,NTC N1,,10000,,0,0,,,,,N1 Probe,Undetermined,,,42.3,24.8
SurfaceSampling,2021-09-29,2021-09-30,Phase2,Sanigen,CDC,Sample,NEG.CTRL-CDC0300 N1,,10000,300,0,300,,,,,N1 Probe,Undetermined,,,42.3,24.8
SurfaceSampling,2021-09-29,2021-09-30,Phase2,Sanigen,CDC,SD,SD-4-CDC0300 N1,-4,10000,300,0,300,,,,,N1 Probe,26.7697,,,42.3,24.8
SurfaceSampling,2021-09-29,2021-09-30,Phase2,Sanigen,CDC,SD,SD-3-CDC0300 N1,-3,10000,300,0,300,,,,,N1 Probe,23.278,,,42.3,24.8
SurfaceSampling,2021-09-29,2021-09-30,Phase2,Sanigen,CDC,SD,SD-2-CDC0300 N1,-2,10000,300,0,300,,,,,N1 Probe,25.0061,,,42.3,24.8
SurfaceSampling,2021-09-29,2021-09-30,Phase2,Sanigen,CDC,SD,SD-1-CDC0300 N1,-1,10000,300,0,300,,,,,N1 Probe,20.8932,,,42.3,24.8
SurfaceSampling,2021-09-29,2021-09-30,Phase2,Sanigen,CDC,Sample,POS.CTRL-CDC0300 N1,-1,10000,300,0,300,,,,,N1 Probe,25.7424,,,42.3,24.8
SurfaceSampling,2021-09-29,2021-09-30,Phase2,Sanigen,PCR,CTRL,nCoV PC N1,,10000,,0,0,,,,,N1 Probe,19.628,,,42.3,24.8
SurfaceSampling,2021-09-29,2021-09-30,Phase2,Sanigen,NTP,Sample,NEG.CTRL-NTP0300 N1,,10000,300,0,300,,,,,N1 Probe,Undetermined,,,42.3,24.8
SurfaceSampling,2021-09-29,2021-09-30,Phase2,Sanigen,NTP,SD,SD-4-NTP0300 N1,-4,10000,300,0,300,,,,,N1 Probe,27.0992,,,42.3,24.8
SurfaceSampling,2021-09-29,2021-09-30,Phase2,Sanigen,NTP,SD,SD-3-NTP0300 N1,-3,10000,300,0,300,,,,,N1 Probe,23.7422,,,42.3,24.8
SurfaceSampling,2021-09-29,2021-09-30,Phase2,Sanigen,NTP,SD,SD-2-NTP0300 N1,-2,10000,300,0,300,,,,,N1 Probe,20.18,,,42.3,24.8
SurfaceSampling,2021-09-29,2021-09-30,Phase2,Sanigen,NTP,SD,SD-1-NTP0300 N1,-1,10000,300,0,300,,,,,N1 Probe,25.4467,,,42.3,24.8
SurfaceSampling,2021-09-29,2021-09-30,Phase2,Sanigen,NTP,Sample,POS.CTRL-NTP0300 N1,-1,10000,300,0,300,,,,,N1 Probe,25.9075,,,42.3,24.8
SurfaceSampling,2021-09-29,2021-09-30,Phase2,Sanigen,CDC,Sample,A1-CDC0300 N1,-1,10000,300,0,300,,,,,N1 Probe,26.6259,,,42.3,24.8
SurfaceSampling,2021-09-29,2021-09-30,Phase2,Sanigen,CDC,Sample,A1-CDC0300 N1,-1,10000,300,0,300,,,,,N1 Probe,26.7743,,,42.3,24.8
SurfaceSampling,2021-09-29,2021-09-30,Phase2,Sanigen,CDC,Sample,A2-CDC0300 N1,-1,10000,300,0,300,,,,,N1 Probe,27.0894,,,42.3,24.8
SurfaceSampling,2021-09-29,2021-09-30,Phase2,Sanigen,CDC,Sample,A3-CDC0300 N1,-1,10000,300,0,300,,,,,N1 Probe,27.1725,,,42.3,24.8
SurfaceSampling,2021-09-29,2021-09-30,Phase2,Sanigen,CDC,Sample,A3-CDC0300 N1,-1,10000,300,0,300,,,,,N1 Probe,27.0373,,,42.3,24.8
SurfaceSampling,2021-09-29,2021-09-30,Phase2,Sanigen,CDC,Sample,B1-CDC0300 N1,-3,10000,300,0,300,,,,,N1 Probe,33.8846,,,42.3,24.8
SurfaceSampling,2021-09-29,2021-09-30,Phase2,Sanigen,CDC,Sample,B1-CDC0300 N1,-3,10000,300,0,300,,,,,N1 Probe,33.1872,,,42.3,24.8
SurfaceSampling,2021-09-29,2021-09-30,Phase2,Sanigen,CDC,Sample,B2-CDC0300 N1,-3,10000,300,0,300,,,,,N1 Probe,33.4558,,,42.3,24.8
SurfaceSampling,2021-09-29,2021-09-30,Phase2,Sanigen,CDC,Sample,B2-CDC0300 N1,-3,10000,300,0,300,,,,,N1 Probe,33.3874,,,42.3,24.8
SurfaceSampling,2021-09-29,2021-09-30,Phase2,Sanigen,CDC,Sample,B3-CDC0300 N1,-3,10000,300,0,300,,,,,N1 Probe,34.2652,,,42.3,24.8
SurfaceSampling,2021-09-29,2021-09-30,Phase2,Sanigen,CDC,Sample,B3-CDC0300 N1,-3,10000,300,0,300,,,,,N1 Probe,32.4762,,,42.3,24.8
SurfaceSampling,2021-09-29,2021-09-30,Phase2,Sanigen,NTP,Sample,A1-NTP0300 N1,-1,10000,300,0,300,,,,,N1 Probe,28.532,,,42.3,24.8
SurfaceSampling,2021-09-29,2021-09-30,Phase2,Sanigen,NTP,Sample,A1-NTP0300 N1,-1,10000,300,0,300,,,,,N1 Probe,28.5065,,,42.3,24.8
SurfaceSampling,2021-09-29,2021-09-30,Phase2,Sanigen,NTP,Sample,A2-NTP0300 N1,-1,10000,300,0,300,,,,,N1 Probe,29.0204,,,42.3,24.8
SurfaceSampling,2021-09-29,2021-09-30,Phase2,Sanigen,NTP,Sample,A2-NTP0300 N1,-1,10000,300,0,300,,,,,N1 Probe,28.663,,,42.3,24.8
SurfaceSampling,2021-09-29,2021-09-30,Phase2,Sanigen,NTP,Sample,A3-NTP0300 N1,-1,10000,300,0,300,,,,,N1 Probe,28.8153,,,42.3,24.8
SurfaceSampling,2021-09-29,2021-09-30,Phase2,Sanigen,NTP,Sample,A3-NTP0300 N1,-1,10000,300,0,300,,,,,N1 Probe,28.7449,,,42.3,24.8
SurfaceSampling,2021-09-29,2021-09-30,Phase2,Sanigen,NTP,Sample,B1-NTP0300 N1,-3,10000,300,0,300,,,,,N1 Probe,40.7669,,,42.3,24.8
SurfaceSampling,2021-09-29,2021-09-30,Phase2,Sanigen,NTP,Sample,B1-NTP0300 N1,-3,10000,300,0,300,,,,,N1 Probe,37.5307,,,42.3,24.8
SurfaceSampling,2021-09-29,2021-09-30,Phase2,Sanigen,NTP,Sample,B2-NTP0300 N1,-3,10000,300,0,300,,,,,N1 Probe,37.0893,,,42.3,24.8
SurfaceSampling,2021-09-29,2021-09-30,Phase2,Sanigen,NTP,Sample,B2-NTP0300 N1,-3,10000,300,0,300,,,,,N1 Probe,35.5618,,,42.3,24.8
SurfaceSampling,2021-09-29,2021-09-30,Phase2,Sanigen,NTP,Sample,B3-NTP0300 N1,-3,10000,300,0,300,,,,,N1 Probe,Undetermined,,,42.3,24.8
SurfaceSampling,2021-09-29,2021-09-30,Phase2,Sanigen,NTP,Sample,B3-NTP0300 N1,-3,10000,300,0,300,,,,,N1 Probe,35.5512,,,42.3,24.8
SurfaceSampling,2021-09-29,2021-09-30,Phase2,Sanigen,PCR,CTRL,NTC N2,,10000,,0,0,,,,,N2 Probe,Undetermined,,,42.3,24.8
SurfaceSampling,2021-09-29,2021-09-30,Phase2,Sanigen,CDC,Sample,NEG.CTRL-CDC0300 N2,,10000,300,0,300,,,,,N2 Probe,Undetermined,,,42.3,24.8
SurfaceSampling,2021-09-29,2021-09-30,Phase2,Sanigen,CDC,SD,SD-4-CDC0300 N2,-4,10000,300,0,300,,,,,N2 Probe,25.8727,,,42.3,24.8
SurfaceSampling,2021-09-29,2021-09-30,Phase2,Sanigen,CDC,SD,SD-3-CDC0300 N2,-3,10000,300,0,300,,,,,N2 Probe,22.7636,,,42.3,24.8
SurfaceSampling,2021-09-29,2021-09-30,Phase2,Sanigen,CDC,SD,SD-2-CDC0300 N2,-2,10000,300,0,300,,,,,N2 Probe,24.4681,,,42.3,24.8
SurfaceSampling,2021-09-29,2021-09-30,Phase2,Sanigen,CDC,SD,SD-1-CDC0300 N2,-1,10000,300,0,300,,,,,N2 Probe,20.3374,,,42.3,24.8
SurfaceSampling,2021-09-29,2021-09-30,Phase2,Sanigen,CDC,Sample,POS.CTRL-CDC0300 N2,-1,10000,300,0,300,,,,,N2 Probe,24.9828,,,42.3,24.8
SurfaceSampling,2021-09-29,2021-09-30,Phase2,Sanigen,PCR,CTRL,nCoV PC N2,,10000,,0,0,,,,,N2 Probe,20.9266,,,42.3,24.8
SurfaceSampling,2021-09-29,2021-09-30,Phase2,Sanigen,NTP,Sample,NEG.CTRL-NTP0300 N2,,10000,300,0,300,,,,,N2 Probe,Undetermined,,,42.3,24.8
SurfaceSampling,2021-09-29,2021-09-30,Phase2,Sanigen,NTP,SD,SD-4-NTP0300 N2,-4,10000,300,0,300,,,,,N2 Probe,26.2127,,,42.3,24.8
SurfaceSampling,2021-09-29,2021-09-30,Phase2,Sanigen,NTP,SD,SD-3-NTP0300 N2,-3,10000,300,0,300,,,,,N2 Probe,23.0068,,,42.3,24.8
SurfaceSampling,2021-09-29,2021-09-30,Phase2,Sanigen,NTP,SD,SD-2-NTP0300 N2,-2,10000,300,0,300,,,,,N2 Probe,19.5884,,,42.3,24.8
SurfaceSampling,2021-09-29,2021-09-30,Phase2,Sanigen,NTP,SD,SD-1-NTP0300 N2,-1,10000,300,0,300,,,,,N2 Probe,24.8377,,,42.3,24.8
SurfaceSampling,2021-09-29,2021-09-30,Phase2,Sanigen,NTP,Sample,POS.CTRL-NTP0300 N2,-1,10000,300,0,300,,,,,N2 Probe,25.2997,,,42.3,24.8
SurfaceSampling,2021-09-29,2021-09-30,Phase2,Sanigen,CDC,Sample,A1-CDC0300 N2,-1,10000,300,0,300,,,,,N2 Probe,28.7371,,,42.3,24.8
SurfaceSampling,2021-09-29,2021-09-30,Phase2,Sanigen,CDC,Sample,A1-CDC0300 N2,-1,10000,300,0,300,,,,,N2 Probe,30.4197,,,42.3,24.8
SurfaceSampling,2021-09-29,2021-09-30,Phase2,Sanigen,CDC,Sample,A2-CDC0300 N2,-1,10000,300,0,300,,,,,N2 Probe,32.0252,,,42.3,24.8
SurfaceSampling,2021-09-29,2021-09-30,Phase2,Sanigen,CDC,Sample,A2-CDC0300 N2,-1,10000,300,0,300,,,,,N2 Probe,32.6067,,,42.3,24.8
SurfaceSampling,2021-09-29,2021-09-30,Phase2,Sanigen,CDC,Sample,A3-CDC0300 N2,-1,10000,300,0,300,,,,,N2 Probe,34.3495,,,42.3,24.8
SurfaceSampling,2021-09-29,2021-09-30,Phase2,Sanigen,CDC,Sample,A3-CDC0300 N2,-1,10000,300,0,300,,,,,N2 Probe,31.1956,,,42.3,24.8
SurfaceSampling,2021-09-29,2021-09-30,Phase2,Sanigen,CDC,Sample,B1-CDC0300 N2,-3,10000,300,0,300,,,,,N2 Probe,38.9377,,,42.3,24.8
SurfaceSampling,2021-09-29,2021-09-30,Phase2,Sanigen,CDC,Sample,B1-CDC0300 N2,-3,10000,300,0,300,,,,,N2 Probe,40.3893,,,42.3,24.8
SurfaceSampling,2021-09-29,2021-09-30,Phase2,Sanigen,CDC,Sample,B2-CDC0300 N2,-3,10000,300,0,300,,,,,N2 Probe,38.7512,,,42.3,24.8
SurfaceSampling,2021-09-29,2021-09-30,Phase2,Sanigen,CDC,Sample,B2-CDC0300 N2,-3,10000,300,0,300,,,,,N2 Probe,38.2294,,,42.3,24.8
SurfaceSampling,2021-09-29,2021-09-30,Phase2,Sanigen,CDC,Sample,B3-CDC0300 N2,-3,10000,300,0,300,,,,,N2 Probe,38.3477,,,42.3,24.8
SurfaceSampling,2021-09-29,2021-09-30,Phase2,Sanigen,CDC,Sample,B3-CDC0300 N2,-3,10000,300,0,300,,,,,N2 Probe,34.1616,,,42.3,24.8
SurfaceSampling,2021-09-29,2021-09-30,Phase2,Sanigen,NTP,Sample,A1-NTP0300 N2,-1,10000,300,0,300,,,,,N2 Probe,32.7942,,,42.3,24.8
SurfaceSampling,2021-09-29,2021-09-30,Phase2,Sanigen,NTP,Sample,A1-NTP0300 N2,-1,10000,300,0,300,,,,,N2 Probe,36.6914,,,42.3,24.8
SurfaceSampling,2021-09-29,2021-09-30,Phase2,Sanigen,NTP,Sample,A2-NTP0300 N2,-1,10000,300,0,300,,,,,N2 Probe,36.8851,,,42.3,24.8
SurfaceSampling,2021-09-29,2021-09-30,Phase2,Sanigen,NTP,Sample,A2-NTP0300 N2,-1,10000,300,0,300,,,,,N2 Probe,37.0166,,,42.3,24.8
SurfaceSampling,2021-09-29,2021-09-30,Phase2,Sanigen,NTP,Sample,A3-NTP0300 N2,-1,10000,300,0,300,,,,,N2 Probe,38.6768,,,42.3,24.8
SurfaceSampling,2021-09-29,2021-09-30,Phase2,Sanigen,NTP,Sample,A3-NTP0300 N2,-1,10000,300,0,300,,,,,N2 Probe,37.9479,,,42.3,24.8
SurfaceSampling,2021-09-29,2021-09-30,Phase2,Sanigen,NTP,Sample,B1-NTP0300 N2,-3,10000,300,0,300,,,,,N2 Probe,Undetermined,,,42.3,24.8
SurfaceSampling,2021-09-29,2021-09-30,Phase2,Sanigen,NTP,Sample,B1-NTP0300 N2,-3,10000,300,0,300,,,,,N2 Probe,44.0007,,,42.3,24.8
SurfaceSampling,2021-09-29,2021-09-30,Phase2,Sanigen,NTP,Sample,B2-NTP0300 N2,-3,10000,300,0,300,,,,,N2 Probe,Undetermined,,,42.3,24.8
SurfaceSampling,2021-09-29,2021-09-30,Phase2,Sanigen,NTP,Sample,B2-NTP0300 N2,-3,10000,300,0,300,,,,,N2 Probe,41.178,,,42.3,24.8
SurfaceSampling,2021-09-29,2021-09-30,Phase2,Sanigen,NTP,Sample,B3-NTP0300 N2,-3,10000,300,0,300,,,,,N2 Probe,42.3081,,,42.3,24.8
SurfaceSampling,2021-09-29,2021-09-30,Phase2,Sanigen,NTP,Sample,B3-NTP0300 N2,-3,10000,300,0,300,,,,,N2 Probe,38.3677,,,42.3,24.8
SurfaceSampling,2021-09-29,2021-09-30,Phase2,Sanigen,PCR,CTRL,NTC N1,,10000,,0,0,,,,,N1 Probe,Undetermined,,,42.3,24.8
SurfaceSampling,2021-09-29,2021-09-30,Phase2,Sanigen,NTP,Sample,NEG.CTRL-NTP1000 N1,,10000,1000,0,1000,,,,,N1 Probe,Undetermined,,,42.3,24.8
SurfaceSampling,2021-09-29,2021-09-30,Phase2,Sanigen,NTP,SD,SD-4-NTP1000 N1,-4,10000,1000,0,1000,,,,,N1 Probe,24.3196,,,42.3,24.8
SurfaceSampling,2021-09-29,2021-09-30,Phase2,Sanigen,NTP,SD,SD-3-NTP1000 N1,-3,10000,1000,0,1000,,,,,N1 Probe,21.1778,,,42.3,24.8
SurfaceSampling,2021-09-29,2021-09-30,Phase2,Sanigen,NTP,SD,SD-2-NTP1000 N1,-2,10000,1000,0,1000,,,,,N1 Probe,19.0363,,,42.3,24.8
SurfaceSampling,2021-09-29,2021-09-30,Phase2,Sanigen,NTP,SD,SD-1-NTP1000 N1,-1,10000,1000,0,1000,,,,,N1 Probe,22.8922,,,42.3,24.8
SurfaceSampling,2021-09-29,2021-09-30,Phase2,Sanigen,NTP,Sample,POS.CTRL-NTP1000 N1,-1,10000,1000,0,1000,,,,,N1 Probe,22.5151,,,42.3,24.8
SurfaceSampling,2021-09-29,2021-09-30,Phase2,Sanigen,PCR,CTRL,nCoV PC N1,,10000,,0,0,,,,,N1 Probe,18.3925,,,42.3,24.8
SurfaceSampling,2021-09-29,2021-09-30,Phase2,Sanigen,NTP,Sample,NEG.CTRL-NTP.ELU N1,,10000,8400,-1600,6800,,,,,N1 Probe,Undetermined,,,42.3,24.8
SurfaceSampling,2021-09-29,2021-09-30,Phase2,Sanigen,NTP,SD,SD-4-NTP.ELU N1,-4,10000,300,0,300,,,,,N1 Probe,25.4376,,,42.3,24.8
SurfaceSampling,2021-09-29,2021-09-30,Phase2,Sanigen,NTP,SD,SD-3-NTP.ELU N1,-3,10000,300,0,300,,,,,N1 Probe,22.3389,,,42.3,24.8
SurfaceSampling,2021-09-29,2021-09-30,Phase2,Sanigen,NTP,SD,SD-2-NTP.ELU N1,-2,10000,300,0,300,,,,,N1 Probe,18.7179,,,42.3,24.8
SurfaceSampling,2021-09-29,2021-09-30,Phase2,Sanigen,NTP,SD,SD-1-NTP.ELU N1,-1,10000,300,0,300,,,,,N1 Probe,23.9144,,,42.3,24.8
SurfaceSampling,2021-09-29,2021-09-30,Phase2,Sanigen,NTP,Sample,POS.CTRL-NTP.ELU N1,-1,10000,8400,-1600,6800,,,,,N1 Probe,20.261,,,42.3,24.8
SurfaceSampling,2021-09-29,2021-09-30,Phase2,Sanigen,NTP,Sample,A1-NTP1000 N1,-1,10000,1000,0,1000,,,,,N1 Probe,25.638,,,42.3,24.8
SurfaceSampling,2021-09-29,2021-09-30,Phase2,Sanigen,NTP,Sample,A1-NTP1000 N1,-1,10000,1000,0,1000,,,,,N1 Probe,25.8244,,,42.3,24.8
SurfaceSampling,2021-09-29,2021-09-30,Phase2,Sanigen,NTP,Sample,A2-NTP1000 N1,-1,10000,1000,0,1000,,,,,N1 Probe,25.6419,,,42.3,24.8
SurfaceSampling,2021-09-29,2021-09-30,Phase2,Sanigen,NTP,Sample,A2-NTP1000 N1,-1,10000,1000,0,1000,,,,,N1 Probe,26.2272,,,42.3,24.8
SurfaceSampling,2021-09-29,2021-09-30,Phase2,Sanigen,NTP,Sample,A3-NTP1000 N1,-1,10000,1000,0,1000,,,,,N1 Probe,25.5634,,,42.3,24.8
SurfaceSampling,2021-09-29,2021-09-30,Phase2,Sanigen,NTP,Sample,A3-NTP1000 N1,-1,10000,1000,0,1000,,,,,N1 Probe,25.9184,,,42.3,24.8
SurfaceSampling,2021-09-29,2021-09-30,Phase2,Sanigen,NTP,Sample,B1-NTP1000 N1,-3,10000,1000,0,1000,,,,,N1 Probe,34.0023,,,42.3,24.8
SurfaceSampling,2021-09-29,2021-09-30,Phase2,Sanigen,NTP,Sample,B1-NTP1000 N1,-3,10000,1000,0,1000,,,,,N1 Probe,34.4885,,,42.3,24.8
SurfaceSampling,2021-09-29,2021-09-30,Phase2,Sanigen,NTP,Sample,B2-NTP1000 N1,-3,10000,1000,0,1000,,,,,N1 Probe,32.5966,,,42.3,24.8
SurfaceSampling,2021-09-29,2021-09-30,Phase2,Sanigen,NTP,Sample,B2-NTP1000 N1,-3,10000,1000,0,1000,,,,,N1 Probe,34.4524,,,42.3,24.8
SurfaceSampling,2021-09-29,2021-09-30,Phase2,Sanigen,NTP,Sample,B3-NTP1000 N1,-3,10000,1000,0,1000,,,,,N1 Probe,30.7352,,,42.3,24.8
SurfaceSampling,2021-09-29,2021-09-30,Phase2,Sanigen,NTP,Sample,B3-NTP1000 N1,-3,10000,1000,0,1000,,,,,N1 Probe,31.4763,,,42.3,24.8
SurfaceSampling,2021-09-29,2021-09-30,Phase2,Sanigen,NTP,Sample,A1-NTP.ELU N1,-1,10000,8400,-1600,6800,,,,,N1 Probe,24.5825,,,42.3,24.8
SurfaceSampling,2021-09-29,2021-09-30,Phase2,Sanigen,NTP,Sample,A1-NTP.ELU N1,-1,10000,8400,-1600,6800,,,,,N1 Probe,25.205,,,42.3,24.8
SurfaceSampling,2021-09-29,2021-09-30,Phase2,Sanigen,NTP,Sample,A2-NTP.ELU N1,-1,10000,8500,-1600,6900,,,,,N1 Probe,25.7403,,,42.3,24.8
SurfaceSampling,2021-09-29,2021-09-30,Phase2,Sanigen,NTP,Sample,A2-NTP.ELU N1,-1,10000,8500,-1600,6900,,,,,N1 Probe,25.1757,,,42.3,24.8
SurfaceSampling,2021-09-29,2021-09-30,Phase2,Sanigen,NTP,Sample,A3-NTP.ELU N1,-1,10000,8500,-1600,6900,,,,,N1 Probe,24.8743,,,42.3,24.8
SurfaceSampling,2021-09-29,2021-09-30,Phase2,Sanigen,NTP,Sample,A3-NTP.ELU N1,-1,10000,8500,-1600,6900,,,,,N1 Probe,24.5124,,,42.3,24.8
SurfaceSampling,2021-09-29,2021-09-30,Phase2,Sanigen,NTP,Sample,B1-NTP.ELU N1,-3,10000,8200,-1600,6600,,,,,N1 Probe,30.7971,,,42.3,24.8
SurfaceSampling,2021-09-29,2021-09-30,Phase2,Sanigen,NTP,Sample,B1-NTP.ELU N1,-3,10000,8200,-1600,6600,,,,,N1 Probe,31.007,,,42.3,24.8
SurfaceSampling,2021-09-29,2021-09-30,Phase2,Sanigen,NTP,Sample,B2-NTP.ELU N1,-3,10000,8100,-1600,6500,,,,,N1 Probe,33.2782,,,42.3,24.8
SurfaceSampling,2021-09-29,2021-09-30,Phase2,Sanigen,NTP,Sample,B2-NTP.ELU N1,-3,10000,8100,-1600,6500,,,,,N1 Probe,32.5889,,,42.3,24.8
SurfaceSampling,2021-09-29,2021-09-30,Phase2,Sanigen,NTP,Sample,B3-NTP.ELU N1,-3,10000,8200,-1600,6600,,,,,N1 Probe,33.8272,,,42.3,24.8
SurfaceSampling,2021-09-29,2021-09-30,Phase2,Sanigen,NTP,Sample,B3-NTP.ELU N1,-3,10000,8200,-1600,6600,,,,,N1 Probe,35.2178,,,42.3,24.8
SurfaceSampling,2021-09-29,2021-09-30,Phase2,Sanigen,PCR,CTRL,NTC N2,,10000,,0,0,,,,,N2 Probe,Undetermined,,,42.3,24.8
SurfaceSampling,2021-09-29,2021-09-30,Phase2,Sanigen,NTP,Sample,NEG.CTRL-NTP1000 N2,,10000,1000,0,1000,,,,,N2 Probe,Undetermined,,,42.3,24.8
SurfaceSampling,2021-09-29,2021-09-30,Phase2,Sanigen,NTP,SD,SD-4-NTP1000 N2,-4,10000,1000,0,1000,,,,,N2 Probe,26.0869,,,42.3,24.8
SurfaceSampling,2021-09-29,2021-09-30,Phase2,Sanigen,NTP,SD,SD-3-NTP1000 N2,-3,10000,1000,0,1000,,,,,N2 Probe,22.608,,,42.3,24.8
SurfaceSampling,2021-09-29,2021-09-30,Phase2,Sanigen,NTP,SD,SD-2-NTP1000 N2,-2,10000,1000,0,1000,,,,,N2 Probe,20.5741,,,42.3,24.8
SurfaceSampling,2021-09-29,2021-09-30,Phase2,Sanigen,NTP,SD,SD-1-NTP1000 N2,-1,10000,1000,0,1000,,,,,N2 Probe,24.3626,,,42.3,24.8
SurfaceSampling,2021-09-29,2021-09-30,Phase2,Sanigen,NTP,Sample,POS.CTRL-NTP1000 N2,-1,10000,1000,0,1000,,,,,N2 Probe,23.7495,,,42.3,24.8
SurfaceSampling,2021-09-29,2021-09-30,Phase2,Sanigen,PCR,CTRL,nCoV PC N2,,10000,,0,0,,,,,N2 Probe,21.144,,,42.3,24.8
SurfaceSampling,2021-09-29,2021-09-30,Phase2,Sanigen,NTP,Sample,NEG.CTRL-NTP.ELU N2,,10000,8400,-1600,6800,,,,,N2 Probe,Undetermined,,,42.3,24.8
SurfaceSampling,2021-09-29,2021-09-30,Phase2,Sanigen,NTP,SD,SD-4-NTP.ELU N2,-4,10000,300,0,300,,,,,N2 Probe,26.5763,,,42.3,24.8
SurfaceSampling,2021-09-29,2021-09-30,Phase2,Sanigen,NTP,SD,SD-3-NTP.ELU N2,-3,10000,300,0,300,,,,,N2 Probe,23.1068,,,42.3,24.8
SurfaceSampling,2021-09-29,2021-09-30,Phase2,Sanigen,NTP,SD,SD-2-NTP.ELU N2,-2,10000,300,0,300,,,,,N2 Probe,19.5086,,,42.3,24.8
SurfaceSampling,2021-09-29,2021-09-30,Phase2,Sanigen,NTP,SD,SD-1-NTP.ELU N2,-1,10000,300,0,300,,,,,N2 Probe,24.9518,,,42.3,24.8
SurfaceSampling,2021-09-29,2021-09-30,Phase2,Sanigen,NTP,Sample,POS.CTRL-NTP.ELU N2,-1,10000,8400,-1600,6800,,,,,N2 Probe,21.6189,,,42.3,24.8
SurfaceSampling,2021-09-29,2021-09-30,Phase2,Sanigen,NTP,Sample,A1-NTP1000 N2,-1,10000,1000,0,1000,,,,,N2 Probe,26.9604,,,42.3,24.8
SurfaceSampling,2021-09-29,2021-09-30,Phase2,Sanigen,NTP,Sample,A1-NTP1000 N2,-1,10000,1000,0,1000,,,,,N2 Probe,27.2142,,,42.3,24.8
SurfaceSampling,2021-09-29,2021-09-30,Phase2,Sanigen,NTP,Sample,A2-NTP1000 N2,-1,10000,1000,0,1000,,,,,N2 Probe,27.2984,,,42.3,24.8
SurfaceSampling,2021-09-29,2021-09-30,Phase2,Sanigen,NTP,Sample,A2-NTP1000 N2,-1,10000,1000,0,1000,,,,,N2 Probe,27.2497,,,42.3,24.8
SurfaceSampling,2021-09-29,2021-09-30,Phase2,Sanigen,NTP,Sample,A3-NTP1000 N2,-1,10000,1000,0,1000,,,,,N2 Probe,27.2425,,,42.3,24.8
SurfaceSampling,2021-09-29,2021-09-30,Phase2,Sanigen,NTP,Sample,A3-NTP1000 N2,-1,10000,1000,0,1000,,,,,N2 Probe,27.1798,,,42.3,24.8
SurfaceSampling,2021-09-29,2021-09-30,Phase2,Sanigen,NTP,Sample,B1-NTP1000 N2,-3,10000,1000,0,1000,,,,,N2 Probe,33.835,,,42.3,24.8
SurfaceSampling,2021-09-29,2021-09-30,Phase2,Sanigen,NTP,Sample,B1-NTP1000 N2,-3,10000,1000,0,1000,,,,,N2 Probe,35.0505,,,42.3,24.8
SurfaceSampling,2021-09-29,2021-09-30,Phase2,Sanigen,NTP,Sample,B2-NTP1000 N2,-3,10000,1000,0,1000,,,,,N2 Probe,32.2346,,,42.3,24.8
SurfaceSampling,2021-09-29,2021-09-30,Phase2,Sanigen,NTP,Sample,B2-NTP1000 N2,-3,10000,1000,0,1000,,,,,N2 Probe,31.0059,,,42.3,24.8
SurfaceSampling,2021-09-29,2021-09-30,Phase2,Sanigen,NTP,Sample,B3-NTP1000 N2,-3,10000,1000,0,1000,,,,,N2 Probe,34.0433,,,42.3,24.8
SurfaceSampling,2021-09-29,2021-09-30,Phase2,Sanigen,NTP,Sample,B3-NTP1000 N2,-3,10000,1000,0,1000,,,,,N2 Probe,32.3887,,,42.3,24.8
SurfaceSampling,2021-09-29,2021-09-30,Phase2,Sanigen,NTP,Sample,A1-NTP.ELU N2,-1,10000,8400,-1600,6800,,,,,N2 Probe,22.5711,,,42.3,24.8
SurfaceSampling,2021-09-29,2021-09-30,Phase2,Sanigen,NTP,Sample,A1-NTP.ELU N2,-1,10000,8400,-1600,6800,,,,,N2 Probe,26.6012,,,42.3,24.8
SurfaceSampling,2021-09-29,2021-09-30,Phase2,Sanigen,NTP,Sample,A2-NTP.ELU N2,-1,10000,8500,-1600,6900,,,,,N2 Probe,26.0961,,,42.3,24.8
SurfaceSampling,2021-09-29,2021-09-30,Phase2,Sanigen,NTP,Sample,A2-NTP.ELU N2,-1,10000,8500,-1600,6900,,,,,N2 Probe,26.2295,,,42.3,24.8
SurfaceSampling,2021-09-29,2021-09-30,Phase2,Sanigen,NTP,Sample,A3-NTP.ELU N2,-1,10000,8500,-1600,6900,,,,,N2 Probe,26.1959,,,42.3,24.8
SurfaceSampling,2021-09-29,2021-09-30,Phase2,Sanigen,NTP,Sample,A3-NTP.ELU N2,-1,10000,8500,-1600,6900,,,,,N2 Probe,25.9534,,,42.3,24.8
SurfaceSampling,2021-09-29,2021-09-30,Phase2,Sanigen,NTP,Sample,B1-NTP.ELU N2,-3,10000,8200,-1600,6600,,,,,N2 Probe,32.2481,,,42.3,24.8
SurfaceSampling,2021-09-29,2021-09-30,Phase2,Sanigen,NTP,Sample,B1-NTP.ELU N2,-3,10000,8200,-1600,6600,,,,,N2 Probe,31.5953,,,42.3,24.8
SurfaceSampling,2021-09-29,2021-09-30,Phase2,Sanigen,NTP,Sample,B2-NTP.ELU N2,-3,10000,8100,-1600,6500,,,,,N2 Probe,32.7369,,,42.3,24.8
SurfaceSampling,2021-09-29,2021-09-30,Phase2,Sanigen,NTP,Sample,B2-NTP.ELU N2,-3,10000,8100,-1600,6500,,,,,N2 Probe,33.0041,,,42.3,24.8
SurfaceSampling,2021-09-29,2021-09-30,Phase2,Sanigen,NTP,Sample,B3-NTP.ELU N2,-3,10000,8200,-1600,6600,,,,,N2 Probe,33.3133,,,42.3,24.8
SurfaceSampling,2021-09-29,2021-09-30,Phase2,Sanigen,NTP,Sample,B3-NTP.ELU N2,-3,10000,8200,-1600,6600,,,,,N2 Probe,33.0174,,,42.3,24.8
SurfaceSampling,2021-10-05,2021-10-06,Phase2,Sanigen,PCR,CTRL,NTC N1,,10000,,0,0,,,,,N1 Probe,Undetermined,,,42.05,25.15
SurfaceSampling,2021-10-05,2021-10-06,Phase2,Sanigen,CDC,Sample,NEG.CTRL-CDC0300 N1,,10000,300,0,300,,,,,N1 Probe,Undetermined,,,42.05,25.15
SurfaceSampling,2021-10-05,2021-10-06,Phase2,Sanigen,CDC,SD,SD-4-CDC0300 N1,-4,10000,300,0,300,,,,,N1 Probe,26.7547,,,42.05,25.15
SurfaceSampling,2021-10-05,2021-10-06,Phase2,Sanigen,CDC,SD,SD-3-CDC0300 N1,-3,10000,300,0,300,,,,,N1 Probe,24.1689,,,42.05,25.15
SurfaceSampling,2021-10-05,2021-10-06,Phase2,Sanigen,CDC,SD,SD-2-CDC0300 N1,-2,10000,300,0,300,,,,,N1 Probe,20.234,,,42.05,25.15
SurfaceSampling,2021-10-05,2021-10-06,Phase2,Sanigen,CDC,SD,SD-1-CDC0300 N1,-1,10000,300,0,300,,,,,N1 Probe,18.0667,,,42.05,25.15
SurfaceSampling,2021-10-05,2021-10-06,Phase2,Sanigen,CDC,Sample,POS.CTRL-CDC0300 N1,-1,10000,300,0,300,,,,,N1 Probe,26.3075,,,42.05,25.15
SurfaceSampling,2021-10-05,2021-10-06,Phase2,Sanigen,PCR,CTRL,nCoV PC N1,,10000,,0,0,,,,,N1 Probe,19.1612,,,42.05,25.15
SurfaceSampling,2021-10-05,2021-10-06,Phase2,Sanigen,NTP,Sample,NEG.CTRL-NTP0300 N1,,10000,300,0,300,,,,,N1 Probe,Undetermined,,,42.05,25.15
SurfaceSampling,2021-10-05,2021-10-06,Phase2,Sanigen,NTP,SD,SD-4-NTP0300 N1,-4,10000,300,0,300,,,,,N1 Probe,26.8478,,,42.05,25.15
SurfaceSampling,2021-10-05,2021-10-06,Phase2,Sanigen,NTP,SD,SD-3-NTP0300 N1,-3,10000,300,0,300,,,,,N1 Probe,23.4997,,,42.05,25.15
SurfaceSampling,2021-10-05,2021-10-06,Phase2,Sanigen,NTP,SD,SD-2-NTP0300 N1,-2,10000,300,0,300,,,,,N1 Probe,20.0032,,,42.05,25.15
SurfaceSampling,2021-10-05,2021-10-06,Phase2,Sanigen,NTP,SD,SD-1-NTP0300 N1,-1,10000,300,0,300,,,,,N1 Probe,17.0368,,,42.05,25.15
SurfaceSampling,2021-10-05,2021-10-06,Phase2,Sanigen,NTP,Sample,POS.CTRL-NTP0300 N1,-1,10000,300,0,300,,,,,N1 Probe,25.8691,,,42.05,25.15
SurfaceSampling,2021-10-05,2021-10-06,Phase2,Sanigen,CDC,Sample,A1-CDC0300 N1,-1,10000,300,0,300,,,,,N1 Probe,31.3731,0.155,,42.05,25.15
SurfaceSampling,2021-10-05,2021-10-06,Phase2,Sanigen,CDC,Sample,A1-CDC0300 N1,-1,10000,300,0,300,,,,,N1 Probe,31.1541,0.155,,42.05,25.15
SurfaceSampling,2021-10-05,2021-10-06,Phase2,Sanigen,CDC,Sample,A2-CDC0300 N1,-1,10000,300,0,300,,,,,N1 Probe,31.2159,0.302,,42.05,25.15
SurfaceSampling,2021-10-05,2021-10-06,Phase2,Sanigen,CDC,Sample,A2-CDC0300 N1,-1,10000,300,0,300,,,,,N1 Probe,30.7885,0.302,,42.05,25.15
SurfaceSampling,2021-10-05,2021-10-06,Phase2,Sanigen,CDC,Sample,A3-CDC0300 N1,-1,10000,300,0,300,,,,,N1 Probe,30.5191,0.32,,42.05,25.15
SurfaceSampling,2021-10-05,2021-10-06,Phase2,Sanigen,CDC,Sample,A3-CDC0300 N1,-1,10000,300,0,300,,,,,N1 Probe,30.0669,0.32,,42.05,25.15
SurfaceSampling,2021-10-05,2021-10-06,Phase2,Sanigen,CDC,Sample,B1-CDC0300 N1,-3,10000,300,0,300,,,,,N1 Probe,Undetermined,,,42.05,25.15
SurfaceSampling,2021-10-05,2021-10-06,Phase2,Sanigen,CDC,Sample,B1-CDC0300 N1,-3,10000,300,0,300,,,,,N1 Probe,Undetermined,,,42.05,25.15
SurfaceSampling,2021-10-05,2021-10-06,Phase2,Sanigen,CDC,Sample,B2-CDC0300 N1,-3,10000,300,0,300,,,,,N1 Probe,Undetermined,,,42.05,25.15
SurfaceSampling,2021-10-05,2021-10-06,Phase2,Sanigen,CDC,Sample,B2-CDC0300 N1,-3,10000,300,0,300,,,,,N1 Probe,Undetermined,,,42.05,25.15
SurfaceSampling,2021-10-05,2021-10-06,Phase2,Sanigen,CDC,Sample,B3-CDC0300 N1,-3,10000,300,0,300,,,,,N1 Probe,Undetermined,,,42.05,25.15
SurfaceSampling,2021-10-05,2021-10-06,Phase2,Sanigen,CDC,Sample,B3-CDC0300 N1,-3,10000,300,0,300,,,,,N1 Probe,Undetermined,,,42.05,25.15
SurfaceSampling,2021-10-05,2021-10-06,Phase2,Sanigen,NTP,Sample,A1-NTP0300 N1,-1,10000,300,0,300,,,,,N1 Probe,29.1164,0.145,,42.05,25.15
SurfaceSampling,2021-10-05,2021-10-06,Phase2,Sanigen,NTP,Sample,A1-NTP0300 N1,-1,10000,300,0,300,,,,,N1 Probe,29.322,0.145,,42.05,25.15
SurfaceSampling,2021-10-05,2021-10-06,Phase2,Sanigen,NTP,Sample,A2-NTP0300 N1,-1,10000,300,0,300,,,,,N1 Probe,29.3055,0.165,,42.05,25.15
SurfaceSampling,2021-10-05,2021-10-06,Phase2,Sanigen,NTP,Sample,A2-NTP0300 N1,-1,10000,300,0,300,,,,,N1 Probe,29.0716,0.165,,42.05,25.15
SurfaceSampling,2021-10-05,2021-10-06,Phase2,Sanigen,NTP,Sample,A3-NTP0300 N1,-1,10000,300,0,300,,,,,N1 Probe,28.9295,0.132,,42.05,25.15
SurfaceSampling,2021-10-05,2021-10-06,Phase2,Sanigen,NTP,Sample,A3-NTP0300 N1,-1,10000,300,0,300,,,,,N1 Probe,28.7431,0.132,,42.05,25.15
SurfaceSampling,2021-10-05,2021-10-06,Phase2,Sanigen,NTP,Sample,B1-NTP0300 N1,-3,10000,300,0,300,,,,,N1 Probe,Undetermined,,,42.05,25.15
SurfaceSampling,2021-10-05,2021-10-06,Phase2,Sanigen,NTP,Sample,B1-NTP0300 N1,-3,10000,300,0,300,,,,,N1 Probe,35.6392,,,42.05,25.15
SurfaceSampling,2021-10-05,2021-10-06,Phase2,Sanigen,NTP,Sample,B2-NTP0300 N1,-3,10000,300,0,300,,,,,N1 Probe,36.1062,0.784,,42.05,25.15
SurfaceSampling,2021-10-05,2021-10-06,Phase2,Sanigen,NTP,Sample,B2-NTP0300 N1,-3,10000,300,0,300,,,,,N1 Probe,34.9975,0.784,,42.05,25.15
SurfaceSampling,2021-10-05,2021-10-06,Phase2,Sanigen,NTP,Sample,B3-NTP0300 N1,-3,10000,300,0,300,,,,,N1 Probe,Undetermined,,,42.05,25.15
SurfaceSampling,2021-10-05,2021-10-06,Phase2,Sanigen,NTP,Sample,B3-NTP0300 N1,-3,10000,300,0,300,,,,,N1 Probe,35.3147,,,42.05,25.15
SurfaceSampling,2021-10-05,2021-10-06,Phase2,Sanigen,PCR,CTRL,NTC N2,,10000,,0,0,,,,,N2 Probe,Undetermined,,,42.05,25.15
SurfaceSampling,2021-10-05,2021-10-06,Phase2,Sanigen,CDC,Sample,NEG.CTRL-CDC0300 N2,,10000,300,0,300,,,,,N2 Probe,Undetermined,,,42.05,25.15
SurfaceSampling,2021-10-05,2021-10-06,Phase2,Sanigen,CDC,SD,SD-4-CDC0300 N2,-4,10000,300,0,300,,,,,N2 Probe,27.1409,,,42.05,25.15
SurfaceSampling,2021-10-05,2021-10-06,Phase2,Sanigen,CDC,SD,SD-3-CDC0300 N2,-3,10000,300,0,300,,,,,N2 Probe,24.0734,,,42.05,25.15
SurfaceSampling,2021-10-05,2021-10-06,Phase2,Sanigen,CDC,SD,SD-2-CDC0300 N2,-2,10000,300,0,300,,,,,N2 Probe,20.2647,,,42.05,25.15
SurfaceSampling,2021-10-05,2021-10-06,Phase2,Sanigen,CDC,SD,SD-1-CDC0300 N2,-1,10000,300,0,300,,,,,N2 Probe,18.2195,,,42.05,25.15
SurfaceSampling,2021-10-05,2021-10-06,Phase2,Sanigen,CDC,Sample,POS.CTRL-CDC0300 N2,-1,10000,300,0,300,,,,,N2 Probe,26.4633,,,42.05,25.15
SurfaceSampling,2021-10-05,2021-10-06,Phase2,Sanigen,PCR,CTRL,nCoV PC N2,,10000,,0,0,,,,,N2 Probe,19.5909,,,42.05,25.15
SurfaceSampling,2021-10-05,2021-10-06,Phase2,Sanigen,NTP,Sample,NEG.CTRL-NTP0300 N2,,10000,300,0,300,,,,,N2 Probe,Undetermined,,,42.05,25.15
SurfaceSampling,2021-10-05,2021-10-06,Phase2,Sanigen,NTP,SD,SD-4-NTP0300 N2,-4,10000,300,0,300,,,,,N2 Probe,27.2603,,,42.05,25.15
SurfaceSampling,2021-10-05,2021-10-06,Phase2,Sanigen,NTP,SD,SD-3-NTP0300 N2,-3,10000,300,0,300,,,,,N2 Probe,23.5935,,,42.05,25.15
SurfaceSampling,2021-10-05,2021-10-06,Phase2,Sanigen,NTP,SD,SD-2-NTP0300 N2,-2,10000,300,0,300,,,,,N2 Probe,20.3045,,,42.05,25.15
SurfaceSampling,2021-10-05,2021-10-06,Phase2,Sanigen,NTP,SD,SD-1-NTP0300 N2,-1,10000,300,0,300,,,,,N2 Probe,17.3671,,,42.05,25.15
SurfaceSampling,2021-10-05,2021-10-06,Phase2,Sanigen,NTP,Sample,POS.CTRL-NTP0300 N2,-1,10000,300,0,300,,,,,N2 Probe,26.5431,,,42.05,25.15
SurfaceSampling,2021-10-05,2021-10-06,Phase2,Sanigen,CDC,Sample,A1-CDC0300 N2,-1,10000,300,0,300,,,,,N2 Probe,31.6413,0.221,,42.05,25.15
SurfaceSampling,2021-10-05,2021-10-06,Phase2,Sanigen,CDC,Sample,A1-CDC0300 N2,-1,10000,300,0,300,,,,,N2 Probe,31.329,0.221,,42.05,25.15
SurfaceSampling,2021-10-05,2021-10-06,Phase2,Sanigen,CDC,Sample,A2-CDC0300 N2,-1,10000,300,0,300,,,,,N2 Probe,31.302,0.369,,42.05,25.15
SurfaceSampling,2021-10-05,2021-10-06,Phase2,Sanigen,CDC,Sample,A2-CDC0300 N2,-1,10000,300,0,300,,,,,N2 Probe,30.7797,0.369,,42.05,25.15
SurfaceSampling,2021-10-05,2021-10-06,Phase2,Sanigen,CDC,Sample,A3-CDC0300 N2,-1,10000,300,0,300,,,,,N2 Probe,30.9838,0.324,,42.05,25.15
SurfaceSampling,2021-10-05,2021-10-06,Phase2,Sanigen,CDC,Sample,A3-CDC0300 N2,-1,10000,300,0,300,,,,,N2 Probe,31.442,0.324,,42.05,25.15
SurfaceSampling,2021-10-05,2021-10-06,Phase2,Sanigen,CDC,Sample,B1-CDC0300 N2,-3,10000,300,0,300,,,,,N2 Probe,Undetermined,,,42.05,25.15
SurfaceSampling,2021-10-05,2021-10-06,Phase2,Sanigen,CDC,Sample,B1-CDC0300 N2,-3,10000,300,0,300,,,,,N2 Probe,Undetermined,,,42.05,25.15
SurfaceSampling,2021-10-05,2021-10-06,Phase2,Sanigen,CDC,Sample,B2-CDC0300 N2,-3,10000,300,0,300,,,,,N2 Probe,Undetermined,,,42.05,25.15
SurfaceSampling,2021-10-05,2021-10-06,Phase2,Sanigen,CDC,Sample,B2-CDC0300 N2,-3,10000,300,0,300,,,,,N2 Probe,36.1846,,,42.05,25.15
SurfaceSampling,2021-10-05,2021-10-06,Phase2,Sanigen,CDC,Sample,B3-CDC0300 N2,-3,10000,300,0,300,,,,,N2 Probe,Undetermined,,,42.05,25.15
SurfaceSampling,2021-10-05,2021-10-06,Phase2,Sanigen,CDC,Sample,B3-CDC0300 N2,-3,10000,300,0,300,,,,,N2 Probe,Undetermined,,,42.05,25.15
SurfaceSampling,2021-10-05,2021-10-06,Phase2,Sanigen,NTP,Sample,A1-NTP0300 N2,-1,10000,300,0,300,,,,,N2 Probe,29.6418,0.202,,42.05,25.15
SurfaceSampling,2021-10-05,2021-10-06,Phase2,Sanigen,NTP,Sample,A1-NTP0300 N2,-1,10000,300,0,300,,,,,N2 Probe,29.9274,0.202,,42.05,25.15
SurfaceSampling,2021-10-05,2021-10-06,Phase2,Sanigen,NTP,Sample,A2-NTP0300 N2,-1,10000,300,0,300,,,,,N2 Probe,29.1533,0.244,,42.05,25.15
SurfaceSampling,2021-10-05,2021-10-06,Phase2,Sanigen,NTP,Sample,A2-NTP0300 N2,-1,10000,300,0,300,,,,,N2 Probe,29.4977,0.244,,42.05,25.15
SurfaceSampling,2021-10-05,2021-10-06,Phase2,Sanigen,NTP,Sample,A3-NTP0300 N2,-1,10000,300,0,300,,,,,N2 Probe,29.1709,0.0691,,42.05,25.15
SurfaceSampling,2021-10-05,2021-10-06,Phase2,Sanigen,NTP,Sample,A3-NTP0300 N2,-1,10000,300,0,300,,,,,N2 Probe,29.0732,0.0691,,42.05,25.15
SurfaceSampling,2021-10-05,2021-10-06,Phase2,Sanigen,NTP,Sample,B1-NTP0300 N2,-3,10000,300,0,300,,,,,N2 Probe,Undetermined,,,42.05,25.15
SurfaceSampling,2021-10-05,2021-10-06,Phase2,Sanigen,NTP,Sample,B1-NTP0300 N2,-3,10000,300,0,300,,,,,N2 Probe,Undetermined,,,42.05,25.15
SurfaceSampling,2021-10-05,2021-10-06,Phase2,Sanigen,NTP,Sample,B2-NTP0300 N2,-3,10000,300,0,300,,,,,N2 Probe,Undetermined,,,42.05,25.15
SurfaceSampling,2021-10-05,2021-10-06,Phase2,Sanigen,NTP,Sample,B2-NTP0300 N2,-3,10000,300,0,300,,,,,N2 Probe,35.0181,,,42.05,25.15
SurfaceSampling,2021-10-05,2021-10-06,Phase2,Sanigen,NTP,Sample,B3-NTP0300 N2,-3,10000,300,0,300,,,,,N2 Probe,33.0107,2.06,,42.05,25.15
SurfaceSampling,2021-10-05,2021-10-06,Phase2,Sanigen,NTP,Sample,B3-NTP0300 N2,-3,10000,300,0,300,,,,,N2 Probe,35.9307,2.06,,42.05,25.15
SurfaceSampling,2021-10-05,2021-10-06,Phase2,Sanigen,PCR,CTRL,NTC N1,,10000,,0,0,,,,,N1 Probe,Undetermined,,,42.05,25.15
SurfaceSampling,2021-10-05,2021-10-06,Phase2,Sanigen,NTP,Sample,NEG.CTRL-NTP1000 N1,,10000,1000,0,1000,,,,,N1 Probe,Undetermined,,,42.05,25.15
SurfaceSampling,2021-10-05,2021-10-06,Phase2,Sanigen,NTP,SD,SD-4-NTP1000 N1,-4,10000,1000,0,1000,,,,,N1 Probe,27.0654,,,42.05,25.15
SurfaceSampling,2021-10-05,2021-10-06,Phase2,Sanigen,NTP,SD,SD-3-NTP1000 N1,-3,10000,1000,0,1000,,,,,N1 Probe,24.3977,,,42.05,25.15
SurfaceSampling,2021-10-05,2021-10-06,Phase2,Sanigen,NTP,SD,SD-2-NTP1000 N1,-2,10000,1000,0,1000,,,,,N1 Probe,20.5112,,,42.05,25.15
SurfaceSampling,2021-10-05,2021-10-06,Phase2,Sanigen,NTP,SD,SD-1-NTP1000 N1,-1,10000,1000,0,1000,,,,,N1 Probe,18.1678,,,42.05,25.15
SurfaceSampling,2021-10-05,2021-10-06,Phase2,Sanigen,NTP,Sample,POS.CTRL-NTP1000 N1,-1,10000,1000,0,1000,,,,,N1 Probe,24.4691,,,42.05,25.15
SurfaceSampling,2021-10-05,2021-10-06,Phase2,Sanigen,PCR,CTRL,nCoV PC N1,,10000,,0,0,,,,,N1 Probe,19.745,,,42.05,25.15
SurfaceSampling,2021-10-05,2021-10-06,Phase2,Sanigen,NTP,Sample,NEG.CTRL-NTP.ELU N1,,10000,8000,-1600,6400,,,,,N1 Probe,Undetermined,,,42.05,25.15
SurfaceSampling,2021-10-05,2021-10-06,Phase2,Sanigen,NTP,SD,SD-4-NTP.ELU N1,-4,10000,300,0,300,,,,,N1 Probe,27.0102,,,42.05,25.15
SurfaceSampling,2021-10-05,2021-10-06,Phase2,Sanigen,NTP,SD,SD-3-NTP.ELU N1,-3,10000,300,0,300,,,,,N1 Probe,Undetermined,,,42.05,25.15
SurfaceSampling,2021-10-05,2021-10-06,Phase2,Sanigen,NTP,SD,SD-2-NTP.ELU N1,-2,10000,300,0,300,,,,,N1 Probe,Undetermined,,,42.05,25.15
SurfaceSampling,2021-10-05,2021-10-06,Phase2,Sanigen,NTP,SD,SD-1-NTP.ELU N1,-1,10000,300,0,300,,,,,N1 Probe,Undetermined,,,42.05,25.15
SurfaceSampling,2021-10-05,2021-10-06,Phase2,Sanigen,NTP,Sample,POS.CTRL-NTP.ELU N1,-1,10000,8000,-1600,6400,,,,,N1 Probe,Undetermined,,,42.05,25.15
SurfaceSampling,2021-10-05,2021-10-06,Phase2,Sanigen,NTP,Sample,A1-NTP1000 N1,-1,10000,1000,0,1000,,,,,N1 Probe,33.8242,0.0672,,42.05,25.15
SurfaceSampling,2021-10-05,2021-10-06,Phase2,Sanigen,NTP,Sample,A1-NTP1000 N1,-1,10000,1000,0,1000,,,,,N1 Probe,33.7292,0.0672,,42.05,25.15
SurfaceSampling,2021-10-05,2021-10-06,Phase2,Sanigen,NTP,Sample,A2-NTP1000 N1,-1,10000,1000,0,1000,,,,,N1 Probe,27.9815,0.342,,42.05,25.15
SurfaceSampling,2021-10-05,2021-10-06,Phase2,Sanigen,NTP,Sample,A2-NTP1000 N1,-1,10000,1000,0,1000,,,,,N1 Probe,28.4647,0.342,,42.05,25.15
SurfaceSampling,2021-10-05,2021-10-06,Phase2,Sanigen,NTP,Sample,A3-NTP1000 N1,-1,10000,1000,0,1000,,,,,N1 Probe,28.1237,0.0159,,42.05,25.15
SurfaceSampling,2021-10-05,2021-10-06,Phase2,Sanigen,NTP,Sample,A3-NTP1000 N1,-1,10000,1000,0,1000,,,,,N1 Probe,28.1013,0.0159,,42.05,25.15
SurfaceSampling,2021-10-05,2021-10-06,Phase2,Sanigen,NTP,Sample,B1-NTP1000 N1,-3,10000,1000,0,1000,,,,,N1 Probe,34.5651,0.156,,42.05,25.15
SurfaceSampling,2021-10-05,2021-10-06,Phase2,Sanigen,NTP,Sample,B1-NTP1000 N1,-3,10000,1000,0,1000,,,,,N1 Probe,34.7855,0.156,,42.05,25.15
SurfaceSampling,2021-10-05,2021-10-06,Phase2,Sanigen,NTP,Sample,B2-NTP1000 N1,-3,10000,1000,0,1000,,,,,N1 Probe,35.0309,1.1,,42.05,25.15
SurfaceSampling,2021-10-05,2021-10-06,Phase2,Sanigen,NTP,Sample,B2-NTP1000 N1,-3,10000,1000,0,1000,,,,,N1 Probe,36.5919,1.1,,42.05,25.15
SurfaceSampling,2021-10-05,2021-10-06,Phase2,Sanigen,NTP,Sample,B3-NTP1000 N1,-3,10000,1000,0,1000,,,,,N1 Probe,35.3238,0.321,,42.05,25.15
SurfaceSampling,2021-10-05,2021-10-06,Phase2,Sanigen,NTP,Sample,B3-NTP1000 N1,-3,10000,1000,0,1000,,,,,N1 Probe,34.87,0.321,,42.05,25.15
SurfaceSampling,2021-10-05,2021-10-06,Phase2,Sanigen,NTP,Sample,A1-NTP.ELU N1,-1,10000,8300,-1600,6700,,,,,N1 Probe,27.0344,0.0106,,42.05,25.15
SurfaceSampling,2021-10-05,2021-10-06,Phase2,Sanigen,NTP,Sample,A1-NTP.ELU N1,-1,10000,8300,-1600,6700,,,,,N1 Probe,27.0195,0.0106,,42.05,25.15
SurfaceSampling,2021-10-05,2021-10-06,Phase2,Sanigen,NTP,Sample,A2-NTP.ELU N1,-1,10000,8400,-1600,6800,,,,,N1 Probe,27.083,0.176,,42.05,25.15
SurfaceSampling,2021-10-05,2021-10-06,Phase2,Sanigen,NTP,Sample,A2-NTP.ELU N1,-1,10000,8400,-1600,6800,,,,,N1 Probe,27.3324,0.176,,42.05,25.15
SurfaceSampling,2021-10-05,2021-10-06,Phase2,Sanigen,NTP,Sample,A3-NTP.ELU N1,-1,10000,8500,-1600,6900,,,,,N1 Probe,26.5217,0.101,,42.05,25.15
SurfaceSampling,2021-10-05,2021-10-06,Phase2,Sanigen,NTP,Sample,A3-NTP.ELU N1,-1,10000,8500,-1600,6900,,,,,N1 Probe,26.3786,0.101,,42.05,25.15
SurfaceSampling,2021-10-05,2021-10-06,Phase2,Sanigen,NTP,Sample,B1-NTP.ELU N1,-3,10000,8500,-1600,6900,,,,,N1 Probe,35.1626,1.29,,42.05,25.15
SurfaceSampling,2021-10-05,2021-10-06,Phase2,Sanigen,NTP,Sample,B1-NTP.ELU N1,-3,10000,8500,-1600,6900,,,,,N1 Probe,33.3343,1.29,,42.05,25.15
SurfaceSampling,2021-10-05,2021-10-06,Phase2,Sanigen,NTP,Sample,B2-NTP.ELU N1,-3,10000,8100,-1600,6500,,,,,N1 Probe,35.1681,1.52,,42.05,25.15
SurfaceSampling,2021-10-05,2021-10-06,Phase2,Sanigen,NTP,Sample,B2-NTP.ELU N1,-3,10000,8100,-1600,6500,,,,,N1 Probe,33.0217,1.52,,42.05,25.15
SurfaceSampling,2021-10-05,2021-10-06,Phase2,Sanigen,NTP,Sample,B3-NTP.ELU N1,-3,10000,8200,-1600,6600,,,,,N1 Probe,33.691,0.311,,42.05,25.15
SurfaceSampling,2021-10-05,2021-10-06,Phase2,Sanigen,NTP,Sample,B3-NTP.ELU N1,-3,10000,8200,-1600,6600,,,,,N1 Probe,34.1302,0.311,,42.05,25.15
SurfaceSampling,2021-10-05,2021-10-06,Phase2,Sanigen,PCR,CTRL,NTC N2,,10000,,0,0,,,,,N2 Probe,Undetermined,,,42.05,25.15
SurfaceSampling,2021-10-05,2021-10-06,Phase2,Sanigen,NTP,Sample,NEG.CTRL-NTP1000 N2,,10000,1000,0,1000,,,,,N2 Probe,Undetermined,,,42.05,25.15
SurfaceSampling,2021-10-05,2021-10-06,Phase2,Sanigen,NTP,SD,SD-4-NTP1000 N2,-4,10000,1000,0,1000,,,,,N2 Probe,27.0077,,,42.05,25.15
SurfaceSampling,2021-10-05,2021-10-06,Phase2,Sanigen,NTP,SD,SD-3-NTP1000 N2,-3,10000,1000,0,1000,,,,,N2 Probe,23.9853,,,42.05,25.15
SurfaceSampling,2021-10-05,2021-10-06,Phase2,Sanigen,NTP,SD,SD-2-NTP1000 N2,-2,10000,1000,0,1000,,,,,N2 Probe,20.1354,,,42.05,25.15
SurfaceSampling,2021-10-05,2021-10-06,Phase2,Sanigen,NTP,SD,SD-1-NTP1000 N2,-1,10000,1000,0,1000,,,,,N2 Probe,18.1142,,,42.05,25.15
SurfaceSampling,2021-10-05,2021-10-06,Phase2,Sanigen,NTP,Sample,POS.CTRL-NTP1000 N2,-1,10000,1000,0,1000,,,,,N2 Probe,24.4852,,,42.05,25.15
SurfaceSampling,2021-10-05,2021-10-06,Phase2,Sanigen,PCR,CTRL,nCoV PC N2,,10000,,0,0,,,,,N2 Probe,20.0788,,,42.05,25.15
SurfaceSampling,2021-10-05,2021-10-06,Phase2,Sanigen,NTP,Sample,NEG.CTRL-NTP.ELU N2,,10000,8500,-1600,6900,,,,,N2 Probe,Undetermined,,,42.05,25.15
SurfaceSampling,2021-10-05,2021-10-06,Phase2,Sanigen,NTP,SD,SD-4-NTP.ELU N2,-4,10000,300,0,300,,,,,N2 Probe,26.8925,,,42.05,25.15
SurfaceSampling,2021-10-05,2021-10-06,Phase2,Sanigen,NTP,SD,SD-3-NTP.ELU N2,-3,10000,300,0,300,,,,,N2 Probe,22.8431,,,42.05,25.15
SurfaceSampling,2021-10-05,2021-10-06,Phase2,Sanigen,NTP,SD,SD-2-NTP.ELU N2,-2,10000,300,0,300,,,,,N2 Probe,19.3555,,,42.05,25.15
SurfaceSampling,2021-10-05,2021-10-06,Phase2,Sanigen,NTP,SD,SD-1-NTP.ELU N2,-1,10000,300,0,300,,,,,N2 Probe,16.5941,,,42.05,25.15
SurfaceSampling,2021-10-05,2021-10-06,Phase2,Sanigen,NTP,Sample,POS.CTRL-NTP.ELU N2,-1,10000,8500,-1600,6900,,,,,N2 Probe,21.7601,,,42.05,25.15
SurfaceSampling,2021-10-05,2021-10-06,Phase2,Sanigen,NTP,Sample,A1-NTP1000 N2,-1,10000,1000,0,1000,,,,,N2 Probe,33.7564,0.839,,42.05,25.15
SurfaceSampling,2021-10-05,2021-10-06,Phase2,Sanigen,NTP,Sample,A1-NTP1000 N2,-1,10000,1000,0,1000,,,,,N2 Probe,34.9428,0.839,,42.05,25.15
SurfaceSampling,2021-10-05,2021-10-06,Phase2,Sanigen,NTP,Sample,A2-NTP1000 N2,-1,10000,1000,0,1000,,,,,N2 Probe,28.2724,0.0804,,42.05,25.15
SurfaceSampling,2021-10-05,2021-10-06,Phase2,Sanigen,NTP,Sample,A2-NTP1000 N2,-1,10000,1000,0,1000,,,,,N2 Probe,28.1587,0.0804,,42.05,25.15
SurfaceSampling,2021-10-05,2021-10-06,Phase2,Sanigen,NTP,Sample,A3-NTP1000 N2,-1,10000,1000,0,1000,,,,,N2 Probe,27.9466,0.134,,42.05,25.15
SurfaceSampling,2021-10-05,2021-10-06,Phase2,Sanigen,NTP,Sample,A3-NTP1000 N2,-1,10000,1000,0,1000,,,,,N2 Probe,27.7574,0.134,,42.05,25.15
SurfaceSampling,2021-10-05,2021-10-06,Phase2,Sanigen,NTP,Sample,B1-NTP1000 N2,-3,10000,1000,0,1000,,,,,N2 Probe,34.395,0.0604,,42.05,25.15
SurfaceSampling,2021-10-05,2021-10-06,Phase2,Sanigen,NTP,Sample,B1-NTP1000 N2,-3,10000,1000,0,1000,,,,,N2 Probe,34.4804,0.0604,,42.05,25.15
SurfaceSampling,2021-10-05,2021-10-06,Phase2,Sanigen,NTP,Sample,B2-NTP1000 N2,-3,10000,1000,0,1000,,,,,N2 Probe,34.1931,0.206,,42.05,25.15
SurfaceSampling,2021-10-05,2021-10-06,Phase2,Sanigen,NTP,Sample,B2-NTP1000 N2,-3,10000,1000,0,1000,,,,,N2 Probe,33.9018,0.206,,42.05,25.15
SurfaceSampling,2021-10-05,2021-10-06,Phase2,Sanigen,NTP,Sample,B3-NTP1000 N2,-3,10000,1000,0,1000,,,,,N2 Probe,33.7923,0.796,,42.05,25.15
SurfaceSampling,2021-10-05,2021-10-06,Phase2,Sanigen,NTP,Sample,B3-NTP1000 N2,-3,10000,1000,0,1000,,,,,N2 Probe,34.9174,0.796,,42.05,25.15
SurfaceSampling,2021-10-05,2021-10-06,Phase2,Sanigen,NTP,Sample,A1-NTP.ELU N2,-1,10000,8300,-1600,6700,,,,,N2 Probe,26.5558,0.0379,,42.05,25.15
SurfaceSampling,2021-10-05,2021-10-06,Phase2,Sanigen,NTP,Sample,A1-NTP.ELU N2,-1,10000,8300,-1600,6700,,,,,N2 Probe,26.6094,0.0379,,42.05,25.15
SurfaceSampling,2021-10-05,2021-10-06,Phase2,Sanigen,NTP,Sample,A2-NTP.ELU N2,-1,10000,8400,-1600,6800,,,,,N2 Probe,26.9954,0.0203,,42.05,25.15
SurfaceSampling,2021-10-05,2021-10-06,Phase2,Sanigen,NTP,Sample,A2-NTP.ELU N2,-1,10000,8400,-1600,6800,,,,,N2 Probe,26.9666,0.0203,,42.05,25.15
SurfaceSampling,2021-10-05,2021-10-06,Phase2,Sanigen,NTP,Sample,A3-NTP.ELU N2,-1,10000,8500,-1600,6900,,,,,N2 Probe,26.5957,0.234,,42.05,25.15
SurfaceSampling,2021-10-05,2021-10-06,Phase2,Sanigen,NTP,Sample,A3-NTP.ELU N2,-1,10000,8500,-1600,6900,,,,,N2 Probe,26.2646,0.234,,42.05,25.15
SurfaceSampling,2021-10-05,2021-10-06,Phase2,Sanigen,NTP,Sample,B1-NTP.ELU N2,-3,10000,8500,-1600,6900,,,,,N2 Probe,33.8405,0.707,,42.05,25.15
SurfaceSampling,2021-10-05,2021-10-06,Phase2,Sanigen,NTP,Sample,B1-NTP.ELU N2,-3,10000,8500,-1600,6900,,,,,N2 Probe,34.8407,0.707,,42.05,25.15
SurfaceSampling,2021-10-05,2021-10-06,Phase2,Sanigen,NTP,Sample,B2-NTP.ELU N2,-3,10000,8100,-1600,6500,,,,,N2 Probe,33.2526,0.548,,42.05,25.15
SurfaceSampling,2021-10-05,2021-10-06,Phase2,Sanigen,NTP,Sample,B2-NTP.ELU N2,-3,10000,8100,-1600,6500,,,,,N2 Probe,32.477,0.548,,42.05,25.15
SurfaceSampling,2021-10-05,2021-10-06,Phase2,Sanigen,NTP,Sample,B3-NTP.ELU N2,-3,10000,8200,-1600,6600,,,,,N2 Probe,33.2064,0.304,,42.05,25.15
SurfaceSampling,2021-10-05,2021-10-06,Phase2,Sanigen,NTP,Sample,B3-NTP.ELU N2,-3,10000,8200,-1600,6600,,,,,N2 Probe,33.6362,0.304,,42.05,25.15
